,Time,Potential
0,3600.2,-0.471
0.2,3600.4,-0.452
0.4,3600.6,-0.457
0.6,3600.8,-0.432
0.8,3601,-0.428
1,3601.2,-0.428
1.2,3601.4,-0.418
1.4,3601.6,-0.423
1.6,3601.8,-0.413
1.8,3602,-0.389
2,3602.2,-0.384
2.2,3602.4,-0.375
2.4,3602.6,-0.384
2.6,3602.8,-0.346
2.8,3603,-0.336
3,3603.2,-0.346
3.2,3603.4,-0.336
3.4,3603.6,-0.288
3.6,3603.8,-0.269
3.8,3604,-0.249
4,3604.2,-0.244
4.2,3604.4,-0.235
4.4,3604.6,-0.225
4.6,3604.8,-0.22
4.8,3605,-0.182
5,3605.2,-0.196
5.2,3605.4,-0.177
5.4,3605.6,-0.182
5.6,3605.8,-0.172
5.8,3606,-0.157
6,3606.2,-0.143
6.2,3606.4,-0.129
6.4,3606.6,-0.114
6.6,3606.8,-0.095
6.8,3607,-0.08
7,3607.2,-0.066
7.2,3607.4,-0.047
7.4,3607.6,-0.037
7.6,3607.8,-0.018
7.8,3608,-0.003
8,3608.2,0.002
8.2,3608.4,0.016
8.4,3608.6,0.035
8.6,3608.8,0.04
8.8,3609,0.05
9,3609.2,0.055
9.2,3609.4,0.06
9.4,3609.6,0.069
9.6,3609.8,0.074
9.8,3610,0.074
10,3610.2,0.079
10.2,3610.4,0.079
10.4,3610.6,0.084
10.6,3610.8,0.093
10.8,3611,0.093
11,3611.2,0.093
11.2,3611.4,0.089
11.4,3611.6,0.089
11.6,3611.8,0.089
11.8,3612,0.089
12,3612.2,0.093
12.2,3612.4,0.301
12.4,3612.6,0.498
12.6,3612.8,0.677
12.8,3613,0.822
13,3613.2,0.947
13.2,3613.4,1.039
13.4,3613.6,1.121
13.6,3613.8,1.207
13.8,3614,1.28
14,3614.2,1.328
14.2,3614.4,1.386
14.4,3614.6,1.429
14.6,3614.8,1.463
14.8,3615,1.511
15,3615.2,1.559
15.2,3615.4,1.593
15.4,3615.6,1.637
15.6,3615.8,1.675
15.8,3616,1.699
16,3616.2,1.733
16.2,3616.4,1.752
16.4,3616.6,1.757
16.6,3616.8,1.728
16.8,3617,1.762
17,3617.2,1.776
17.2,3617.4,1.776
17.4,3617.6,1.757
17.6,3617.8,1.743
17.8,3618,1.714
18,3618.2,1.699
18.2,3618.4,1.714
18.4,3618.6,1.685
18.6,3618.8,1.656
18.8,3619,1.617
19,3619.2,1.608
19.2,3619.4,1.564
19.4,3619.6,1.526
19.6,3619.8,1.506
19.8,3620,1.477
20,3620.2,1.405
20.2,3620.4,1.333
20.4,3620.6,1.265
20.6,3620.8,1.227
20.8,3621,1.198
21,3621.2,1.174
21.2,3621.4,1.111
21.4,3621.6,1.068
21.6,3621.8,1.029
21.8,3622,0.985
22,3622.2,0.937
22.2,3622.4,0.889
22.4,3622.6,0.855
22.6,3622.8,0.831
22.8,3623,0.793
23,3623.2,0.759
23.2,3623.4,0.73
23.4,3623.6,0.701
23.6,3623.8,0.662
23.8,3624,0.643
24,3624.2,0.619
24.2,3624.4,0.6
24.4,3624.6,0.576
24.6,3624.8,0.561
24.8,3625,0.542
25,3625.2,0.527
25.2,3625.4,0.522
25.4,3625.6,0.513
25.6,3625.8,0.489
25.8,3626,0.474
26,3626.2,0.474
26.2,3626.4,0.469
26.4,3626.6,0.445
26.6,3626.8,0.445
26.8,3627,0.426
27,3627.2,0.412
27.2,3627.4,0.402
27.4,3627.6,0.373
27.6,3627.8,0.334
27.8,3628,0.276
28,3628.2,0.209
28.2,3628.4,0.17
28.4,3628.6,0.122
28.6,3628.8,0.089
28.8,3629,0.04
29,3629.2,0.006
29.2,3629.4,-0.061
29.4,3629.6,-0.104
29.6,3629.8,-0.114
29.8,3630,-0.172
30,3630.2,-0.211
30.2,3630.4,-0.24
30.4,3630.6,-0.288
30.6,3630.8,-0.341
30.8,3631,-0.36
31,3631.2,-0.37
31.2,3631.4,-0.389
31.4,3631.6,-0.403
31.6,3631.8,-0.428
31.8,3632,-0.452
32,3632.2,-0.481
32.2,3632.4,-0.5
32.4,3632.6,-0.524
32.6,3632.8,-0.544
32.8,3633,-0.563
33,3633.2,-0.582
33.2,3633.4,-0.597
33.4,3633.6,-0.611
33.6,3633.8,-0.63
33.8,3634,-0.645
34,3634.2,-0.664
34.2,3634.4,-0.683
34.4,3634.6,-0.698
34.6,3634.8,-0.712
34.8,3635,-0.722
35,3635.2,-0.732
35.2,3635.4,-0.741
35.4,3635.6,-0.76
35.6,3635.8,-0.76
35.8,3636,-0.775
36,3636.2,-0.789
36.2,3636.4,-0.794
36.4,3636.6,-0.809
36.6,3636.8,-0.818
36.8,3637,-0.823
37,3637.2,-0.828
37.2,3637.4,-0.843
37.4,3637.6,-0.847
37.6,3637.8,-0.852
37.8,3638,-0.847
38,3638.2,-0.867
38.2,3638.4,-0.871
38.4,3638.6,-0.876
38.6,3638.8,-0.881
38.8,3639,-0.886
39,3639.2,-0.886
39.2,3639.4,-0.886
39.4,3639.6,-0.886
39.6,3639.8,-0.895
39.8,3640,-0.905
40,3640.2,-0.905
40.2,3640.4,-0.905
40.4,3640.6,-0.905
40.6,3640.8,-0.915
40.8,3641,-0.915
41,3641.2,-0.919
41.2,3641.4,-0.924
41.4,3641.6,-0.919
41.6,3641.8,-0.929
41.8,3642,-0.929
42,3642.2,-0.929
42.2,3642.4,-0.944
42.4,3642.6,-0.939
42.6,3642.8,-0.939
42.8,3643,-0.939
43,3643.2,-0.944
43.2,3643.4,-0.944
43.4,3643.6,-0.944
43.6,3643.8,-0.944
43.8,3644,-0.958
44,3644.2,-0.958
44.2,3644.4,-0.958
44.4,3644.6,-0.953
44.6,3644.8,-0.958
44.8,3645,-0.963
45,3645.2,-0.963
45.2,3645.4,-0.963
45.4,3645.6,-0.963
45.6,3645.8,-0.963
45.8,3646,-0.968
46,3646.2,-0.963
46.2,3646.4,-0.982
46.4,3646.6,-0.982
46.6,3646.8,-0.977
46.8,3647,-0.977
47,3647.2,-0.977
47.2,3647.4,-0.982
47.4,3647.6,-0.982
47.6,3647.8,-0.982
47.8,3648,-0.982
48,3648.2,-0.982
48.2,3648.4,-0.982
48.4,3648.6,-0.987
48.6,3648.8,-0.992
48.8,3649,-0.987
49,3649.2,-0.997
49.2,3649.4,-0.992
49.4,3649.6,-0.992
49.6,3649.8,-1.002
49.8,3650,-1.002
50,3650.2,-0.997
50.2,3650.4,-0.997
50.4,3650.6,-1.006
50.6,3650.8,-1.006
50.8,3651,-1.006
51,3651.2,-1.011
51.2,3651.4,-1.006
51.4,3651.6,-1.016
51.6,3651.8,-1.016
51.8,3652,-1.016
52,3652.2,-1.026
52.2,3652.4,-1.021
52.4,3652.6,-1.021
52.6,3652.8,-1.026
52.8,3653,-1.026
53,3653.2,-1.026
53.2,3653.4,-1.031
53.4,3653.6,-1.031
53.6,3653.8,-1.031
53.8,3654,-1.035
54,3654.2,-1.04
54.2,3654.4,-1.04
54.4,3654.6,-1.04
54.6,3654.8,-1.045
54.8,3655,-1.05
55,3655.2,-1.055
55.2,3655.4,-1.055
55.4,3655.6,-1.06
55.6,3655.8,-1.055
55.8,3656,-1.055
56,3656.2,-1.06
56.2,3656.4,-1.064
56.4,3656.6,-1.064
56.6,3656.8,-1.064
56.8,3657,-1.069
57,3657.2,-1.079
57.2,3657.4,-1.069
57.4,3657.6,-1.064
57.6,3657.8,-1.045
57.8,3658,-1.089
58,3658.2,-1.084
58.2,3658.4,-1.098
58.4,3658.6,-1.084
58.6,3658.8,-1.204
58.8,3659,-1.223
59,3659.2,-1.238
59.2,3659.4,-1.137
59.4,3659.6,-1.33
59.6,3659.8,-1.373
59.8,3660,-1.364
60,3660.2,-1.392
60.2,3660.4,-1.426
60.4,3660.6,-1.518
60.6,3660.8,-1.523
60.8,3661,-1.532
61,3661.2,-1.532
61.2,3661.4,-1.532
61.4,3661.6,-1.585
61.6,3661.8,-1.585
61.8,3662,-1.571
62,3662.2,-1.542
62.2,3662.4,-1.527
62.4,3662.6,-1.469
62.6,3662.8,-1.44
62.8,3663,-1.354
63,3663.2,-1.436
63.2,3663.4,-1.33
63.4,3663.6,-1.291
63.6,3663.8,-1.228
63.8,3664,-1.199
64,3664.2,-1.127
64.2,3664.4,-1.137
64.4,3664.6,-1.021
64.6,3664.8,-0.977
64.8,3665,-1.006
65,3665.2,-0.929
65.2,3665.4,-0.91
65.4,3665.6,-0.828
65.6,3665.8,-0.828
65.8,3666,-0.823
66,3666.2,-0.775
66.2,3666.4,-0.746
66.4,3666.6,-0.717
66.6,3666.8,-0.698
66.8,3667,-0.659
67,3667.2,-0.669
67.2,3667.4,-0.635
67.4,3667.6,-0.64
67.6,3667.8,-0.625
67.8,3668,-0.606
68,3668.2,-0.616
68.2,3668.4,-0.577
68.4,3668.6,-0.601
68.6,3668.8,-0.558
68.8,3669,-0.573
69,3669.2,-0.558
69.2,3669.4,-0.529
69.4,3669.6,-0.519
69.6,3669.8,-0.524
69.8,3670,-0.505
70,3670.2,-0.515
70.2,3670.4,-0.5
70.4,3670.6,-0.505
70.6,3670.8,-0.49
70.8,3671,-0.481
71,3671.2,-0.457
71.2,3671.4,-0.481
71.4,3671.6,-0.442
71.6,3671.8,-0.442
71.8,3672,-0.418
72,3672.2,-0.442
72.2,3672.4,-0.442
72.4,3672.6,-0.428
72.6,3672.8,-0.399
72.8,3673,-0.384
73,3673.2,-0.36
73.2,3673.4,-0.326
73.4,3673.6,-0.312
73.6,3673.8,-0.307
73.8,3674,-0.288
74,3674.2,-0.273
74.2,3674.4,-0.269
74.4,3674.6,-0.254
74.6,3674.8,-0.254
74.8,3675,-0.244
75,3675.2,-0.244
75.2,3675.4,-0.249
75.4,3675.6,-0.235
75.6,3675.8,-0.22
75.8,3676,-0.206
76,3676.2,-0.191
76.2,3676.4,-0.177
76.4,3676.6,-0.211
76.6,3676.8,-0.269
76.8,3677,-0.254
77,3677.2,-0.244
77.2,3677.4,-0.215
77.4,3677.6,-0.196
77.6,3677.8,-0.172
77.8,3678,-0.143
78,3678.2,-0.114
78.2,3678.4,-0.095
78.4,3678.6,-0.071
78.6,3678.8,-0.056
78.8,3679,-0.042
79,3679.2,-0.018
79.2,3679.4,-0.013
79.4,3679.6,0.011
79.6,3679.8,0.021
79.8,3680,0.035
80,3680.2,0.045
80.2,3680.4,0.055
80.4,3680.6,0.055
80.6,3680.8,0.06
80.8,3681,0.064
81,3681.2,0.079
81.2,3681.4,0.079
81.4,3681.6,0.084
81.6,3681.8,0.074
81.8,3682,0.079
82,3682.2,0.079
82.2,3682.4,0.011
82.4,3682.6,0.011
82.6,3682.8,0.021
82.8,3683,0.021
83,3683.2,0.021
83.2,3683.4,0.031
83.4,3683.6,0.035
83.6,3683.8,0.035
83.8,3684,0.026
84,3684.2,0.035
84.2,3684.4,0.045
84.4,3684.6,0.04
84.6,3684.8,0.05
84.8,3685,0.079
85,3685.2,0.291
85.2,3685.4,0.464
85.4,3685.6,0.614
85.6,3685.8,0.238
85.8,3686,0.469
86,3686.2,0.981
86.2,3686.4,0.855
86.4,3686.6,1.092
86.6,3686.8,1.246
86.8,3687,1.429
87,3687.2,1.584
87.2,3687.4,1.772
87.4,3687.6,2.047
87.6,3687.8,2.201
87.8,3688,2.36
88,3688.2,3.079
88.2,3688.4,2.606
88.4,3688.6,2.775
88.6,3688.8,2.828
88.8,3689,2.973
89,3689.2,3.079
89.2,3689.4,3.141
89.4,3689.6,3.233
89.6,3689.8,3.354
89.8,3690,3.465
90,3690.2,3.629
90.2,3690.4,3.653
90.4,3690.6,3.759
90.6,3690.8,3.875
90.8,3691,3.879
91,3691.2,3.769
91.2,3691.4,3.73
91.4,3691.6,3.778
91.6,3691.8,3.836
91.8,3692,3.913
92,3692.2,3.961
92.2,3692.4,4.024
92.4,3692.6,4.077
92.6,3692.8,4.154
92.8,3693,4.178
93,3693.2,4.203
93.2,3693.4,4.217
93.4,3693.6,4.207
93.6,3693.8,4.13
93.8,3694,4.072
94,3694.2,4.207
94.2,3694.4,4.068
94.4,3694.6,4.048
94.6,3694.8,4.029
94.8,3695,4.034
95,3695.2,3.971
95.2,3695.4,3.889
95.4,3695.6,3.836
95.6,3695.8,3.759
95.8,3696,3.725
96,3696.2,3.667
96.2,3696.4,3.72
96.4,3696.6,3.513
96.6,3696.8,3.513
96.8,3697,3.421
97,3697.2,3.431
97.2,3697.4,3.195
97.4,3697.6,3.137
97.6,3697.8,3.127
97.8,3698,3.074
98,3698.2,3.007
98.2,3698.4,2.963
98.4,3698.6,2.915
98.6,3698.8,2.852
98.8,3699,2.813
99,3699.2,2.741
99.2,3699.4,2.688
99.4,3699.6,2.659
99.6,3699.8,2.611
99.8,3700,2.538
100,3700.2,2.466
100.2,3700.4,2.375
100.4,3700.6,2.249
100.6,3700.8,2.138
100.8,3701,2.037
101,3701.2,1.926
101.2,3701.4,1.81
101.4,3701.6,1.68
101.6,3701.8,1.584
101.8,3702,1.468
102,3702.2,1.328
102.2,3702.4,1.207
102.4,3702.6,1.125
102.6,3702.8,1.043
102.8,3703,0.947
103,3703.2,0.875
103.2,3703.4,0.778
103.4,3703.6,0.691
103.6,3703.8,0.619
103.8,3704,0.527
104,3704.2,0.45
104.2,3704.4,0.383
104.4,3704.6,0.31
104.6,3704.8,0.238
104.8,3705,0.19
105,3705.2,0.127
105.2,3705.4,0.055
105.4,3705.6,0.006
105.6,3705.8,-0.037
105.8,3706,-0.085
106,3706.2,-0.119
106.2,3706.4,-0.177
106.4,3706.6,-0.225
106.6,3706.8,-0.269
106.8,3707,-0.307
107,3707.2,-0.36
107.2,3707.4,-0.399
107.4,3707.6,-0.437
107.6,3707.8,-0.466
107.8,3708,-0.515
108,3708.2,-0.544
108.2,3708.4,-0.573
108.4,3708.6,-0.558
108.6,3708.8,-0.606
108.8,3709,-0.63
109,3709.2,-0.659
109.2,3709.4,-0.678
109.4,3709.6,-0.703
109.6,3709.8,-0.712
109.8,3710,-0.732
110,3710.2,-0.746
110.2,3710.4,-0.77
110.4,3710.6,-0.77
110.6,3710.8,-0.794
110.8,3711,-0.809
111,3711.2,-0.814
111.2,3711.4,-0.823
111.4,3711.6,-0.833
111.6,3711.8,-0.852
111.8,3712,-0.847
112,3712.2,-0.852
112.2,3712.4,-0.862
112.4,3712.6,-0.867
112.6,3712.8,-0.876
112.8,3713,-0.886
113,3713.2,-0.886
113.2,3713.4,-0.9
113.4,3713.6,-0.91
113.6,3713.8,-0.924
113.8,3714,-0.924
114,3714.2,-0.934
114.2,3714.4,-0.939
114.4,3714.6,-0.963
114.6,3714.8,-0.963
114.8,3715,-0.973
115,3715.2,-0.982
115.2,3715.4,-0.982
115.4,3715.6,-0.987
115.6,3715.8,-0.997
115.8,3716,-1.006
116,3716.2,-1.016
116.2,3716.4,-1.021
116.4,3716.6,-1.031
116.6,3716.8,-1.021
116.8,3717,-1.026
117,3717.2,-1.04
117.2,3717.4,-1.045
117.4,3717.6,-1.05
117.6,3717.8,-1.05
117.8,3718,-1.06
118,3718.2,-1.064
118.2,3718.4,-1.05
118.4,3718.6,-1.05
118.6,3718.8,-1.064
118.8,3719,-1.069
119,3719.2,-1.084
119.2,3719.4,-1.117
119.4,3719.6,-1.146
119.6,3719.8,-1.132
119.8,3720,-1.137
120,3720.2,-1.146
120.2,3720.4,-1.156
120.4,3720.6,-1.151
120.6,3720.8,-1.161
120.8,3721,-1.166
121,3721.2,-1.156
121.2,3721.4,-1.161
121.4,3721.6,-1.161
121.6,3721.8,-1.17
121.8,3722,-1.166
122,3722.2,-1.161
122.2,3722.4,-1.161
122.4,3722.6,-1.161
122.6,3722.8,-1.161
122.8,3723,-1.146
123,3723.2,-1.156
123.2,3723.4,-1.161
123.4,3723.6,-1.166
123.6,3723.8,-1.161
123.8,3724,-1.156
124,3724.2,-1.161
124.2,3724.4,-1.161
124.4,3724.6,-1.161
124.6,3724.8,-1.151
124.8,3725,-1.166
125,3725.2,-1.156
125.2,3725.4,-1.156
125.4,3725.6,-1.146
125.6,3725.8,-1.156
125.8,3726,-1.17
126,3726.2,-1.17
126.2,3726.4,-1.161
126.4,3726.6,-1.156
126.6,3726.8,-1.156
126.8,3727,-1.156
127,3727.2,-1.156
127.2,3727.4,-1.156
127.4,3727.6,-1.161
127.6,3727.8,-1.156
127.8,3728,-1.156
128,3728.2,-1.161
128.2,3728.4,-1.156
128.4,3728.6,-1.156
128.6,3728.8,-1.156
128.8,3729,-1.156
129,3729.2,-1.161
129.2,3729.4,-1.151
129.4,3729.6,-1.156
129.6,3729.8,-1.161
129.8,3730,-1.161
130,3730.2,-1.161
130.2,3730.4,-1.166
130.4,3730.6,-1.17
130.6,3730.8,-1.161
130.8,3731,-1.17
131,3731.2,-1.161
131.2,3731.4,-1.166
131.4,3731.6,-1.161
131.6,3731.8,-1.161
131.8,3732,-1.161
132,3732.2,-1.161
132.2,3732.4,-1.161
132.4,3732.6,-1.156
132.6,3732.8,-1.166
132.8,3733,-1.156
133,3733.2,-1.161
133.2,3733.4,-1.161
133.4,3733.6,-1.161
133.6,3733.8,-1.161
133.8,3734,-1.161
134,3734.2,-1.161
134.2,3734.4,-1.161
134.4,3734.6,-1.161
134.6,3734.8,-1.166
134.8,3735,-1.161
135,3735.2,-1.161
135.2,3735.4,-1.161
135.4,3735.6,-1.166
135.6,3735.8,-1.161
135.8,3736,-1.161
136,3736.2,-1.161
136.2,3736.4,-1.161
136.4,3736.6,-1.161
136.6,3736.8,-1.161
136.8,3737,-1.156
137,3737.2,-1.151
137.2,3737.4,-1.156
137.4,3737.6,-1.18
137.6,3737.8,-1.17
137.8,3738,-1.17
138,3738.2,-1.17
138.2,3738.4,-1.156
138.4,3738.6,-1.18
138.6,3738.8,-1.18
138.8,3739,-1.175
139,3739.2,-1.166
139.2,3739.4,-1.166
139.4,3739.6,-1.151
139.6,3739.8,-1.146
139.8,3740,-1.137
140,3740.2,-1.137
140.2,3740.4,-1.122
140.4,3740.6,-1.117
140.6,3740.8,-1.117
140.8,3741,-1.108
141,3741.2,-1.103
141.2,3741.4,-1.093
141.4,3741.6,-1.093
141.6,3741.8,-1.098
141.8,3742,-1.093
142,3742.2,-1.098
142.2,3742.4,-1.098
142.4,3742.6,-1.089
142.6,3742.8,-1.089
142.8,3743,-1.079
143,3743.2,-1.079
143.2,3743.4,-1.069
143.4,3743.6,-1.064
143.6,3743.8,-1.064
143.8,3744,-1.06
144,3744.2,-1.05
144.2,3744.4,-1.045
144.4,3744.6,-1.045
144.6,3744.8,-1.045
144.8,3745,-1.04
145,3745.2,-1.04
145.2,3745.4,-1.031
145.4,3745.6,-1.006
145.6,3745.8,-1.031
145.8,3746,-1.021
146,3746.2,-0.997
146.2,3746.4,-1.011
146.4,3746.6,-1.011
146.6,3746.8,-1.006
146.8,3747,-1.002
147,3747.2,-1.002
147.2,3747.4,-0.992
147.4,3747.6,-0.982
147.6,3747.8,-0.982
147.8,3748,-0.982
148,3748.2,-0.977
148.2,3748.4,-0.963
148.4,3748.6,-0.963
148.6,3748.8,-1.05
148.8,3749,-1.055
149,3749.2,-1.05
149.2,3749.4,-1.045
149.4,3749.6,-1.045
149.6,3749.8,-1.04
149.8,3750,-1.031
150,3750.2,-1.026
150.2,3750.4,-1.011
150.4,3750.6,-0.992
150.6,3750.8,-0.963
150.8,3751,-0.939
151,3751.2,-0.924
151.2,3751.4,-0.915
151.4,3751.6,-0.915
151.6,3751.8,-0.91
151.8,3752,-0.905
152,3752.2,-0.905
152.2,3752.4,-0.9
152.4,3752.6,-0.886
152.6,3752.8,-0.886
152.8,3753,-0.876
153,3753.2,-0.871
153.2,3753.4,-0.862
153.4,3753.6,-0.857
153.6,3753.8,-0.838
153.8,3754,-0.833
154,3754.2,-0.828
154.2,3754.4,-0.814
154.4,3754.6,-0.818
154.6,3754.8,-0.799
154.8,3755,-0.799
155,3755.2,-0.799
155.2,3755.4,-0.789
155.4,3755.6,-0.785
155.6,3755.8,-0.78
155.8,3756,-0.775
156,3756.2,-0.77
156.2,3756.4,-0.76
156.4,3756.6,-0.751
156.6,3756.8,-0.722
156.8,3757,-0.635
157,3757.2,-0.649
157.2,3757.4,-0.64
157.4,3757.6,-0.625
157.6,3757.8,-0.601
157.8,3758,-0.601
158,3758.2,-0.592
158.2,3758.4,-0.582
158.4,3758.6,-0.568
158.6,3758.8,-0.563
158.8,3759,-0.529
159,3759.2,-0.539
159.2,3759.4,-0.539
159.4,3759.6,-0.529
159.6,3759.8,-0.51
159.8,3760,-0.495
160,3760.2,-0.481
160.2,3760.4,-0.452
160.4,3760.6,-0.447
160.6,3760.8,-0.432
160.8,3761,-0.413
161,3761.2,-0.389
161.2,3761.4,-0.365
161.4,3761.6,-0.346
161.6,3761.8,-0.322
161.8,3762,-0.293
162,3762.2,-0.273
162.2,3762.4,-0.254
162.4,3762.6,-0.191
162.6,3762.8,-0.172
162.8,3763,-0.157
163,3763.2,-0.138
163.2,3763.4,-0.119
163.4,3763.6,-0.1
163.6,3763.8,-0.08
163.8,3764,-0.066
164,3764.2,-0.056
164.2,3764.4,-0.023
164.4,3764.6,0.002
164.6,3764.8,0.016
164.8,3765,0.05
165,3765.2,0.084
165.2,3765.4,0.151
165.4,3765.6,0.19
165.6,3765.8,0.233
165.8,3766,0.209
166,3766.2,0.214
166.2,3766.4,0.276
166.4,3766.6,0.33
166.6,3766.8,0.368
166.8,3767,0.402
167,3767.2,0.426
167.2,3767.4,0.46
167.4,3767.6,0.498
167.6,3767.8,0.551
167.8,3768,0.6
168,3768.2,0.653
168.2,3768.4,0.701
168.4,3768.6,0.72
168.6,3768.8,0.754
168.8,3769,0.788
169,3769.2,0.793
169.2,3769.4,0.822
169.4,3769.6,0.817
169.6,3769.8,0.851
169.8,3770,0.846
170,3770.2,0.865
170.2,3770.4,0.875
170.4,3770.6,0.889
170.6,3770.8,0.899
170.8,3771,0.928
171,3771.2,0.942
171.2,3771.4,0.966
171.4,3771.6,0.985
171.6,3771.8,1.019
171.8,3772,1.043
172,3772.2,1.077
172.2,3772.4,1.096
172.4,3772.6,1.145
172.6,3772.8,1.198
172.8,3773,1.236
173,3773.2,1.275
173.2,3773.4,1.323
173.4,3773.6,1.371
173.6,3773.8,1.41
173.8,3774,1.458
174,3774.2,1.506
174.2,3774.4,1.54
174.4,3774.6,1.598
174.6,3774.8,1.613
174.8,3775,1.714
175,3775.2,1.743
175.2,3775.4,1.878
175.4,3775.6,1.912
175.6,3775.8,1.926
175.8,3776,1.965
176,3776.2,1.974
176.2,3776.4,1.994
176.4,3776.6,2.003
176.6,3776.8,2.032
176.8,3777,2.037
177,3777.2,2.022
177.2,3777.4,2.027
177.4,3777.6,2.037
177.6,3777.8,2.027
177.8,3778,2.032
178,3778.2,2.032
178.2,3778.4,2.003
178.4,3778.6,1.955
178.6,3778.8,2.013
178.8,3779,1.96
179,3779.2,1.926
179.2,3779.4,1.897
179.4,3779.6,1.863
179.6,3779.8,1.815
179.8,3780,1.757
180,3780.2,1.714
180.2,3780.4,1.661
180.4,3780.6,1.593
180.6,3780.8,1.53
180.8,3781,1.473
181,3781.2,1.386
181.2,3781.4,1.309
181.4,3781.6,1.231
181.6,3781.8,1.13
181.8,3782,1.019
182,3782.2,0.894
182.2,3782.4,0.749
182.4,3782.6,0.576
182.6,3782.8,0.373
182.8,3783,0.137
183,3783.2,-0.1
183.2,3783.4,0.016
183.4,3783.6,0.016
183.6,3783.8,0.016
183.8,3784,0.011
184,3784.2,0.011
184.2,3784.4,0.002
184.4,3784.6,0.002
184.6,3784.8,-0.003
184.8,3785,-0.013
185,3785.2,-0.018
185.2,3785.4,-0.027
185.4,3785.6,-0.037
185.6,3785.8,-0.047
185.8,3786,-0.056
186,3786.2,-0.066
186.2,3786.4,-0.085
186.4,3786.6,-0.519
186.6,3786.8,-0.582
186.8,3787,-0.606
187,3787.2,-0.64
187.2,3787.4,-0.659
187.4,3787.6,-0.683
187.6,3787.8,-0.712
187.8,3788,-0.736
188,3788.2,-0.77
188.2,3788.4,-0.789
188.4,3788.6,-0.814
188.6,3788.8,-0.862
188.8,3789,-0.876
189,3789.2,-0.895
189.2,3789.4,-0.91
189.4,3789.6,-0.939
189.6,3789.8,-0.963
189.8,3790,-1.006
190,3790.2,-1.035
190.2,3790.4,-1.064
190.4,3790.6,-1.069
190.6,3790.8,-1.064
190.8,3791,-1.117
191,3791.2,-1.117
191.2,3791.4,-1.146
191.4,3791.6,-1.161
191.6,3791.8,-1.166
191.8,3792,-1.185
192,3792.2,-1.233
192.2,3792.4,-1.252
192.4,3792.6,-1.277
192.6,3792.8,-1.277
192.8,3793,-1.325
193,3793.2,-1.373
193.2,3793.4,-1.416
193.4,3793.6,-1.484
193.6,3793.8,-1.581
193.8,3794,-1.677
194,3794.2,-1.749
194.2,3794.4,-1.855
194.4,3794.6,-1.904
194.6,3794.8,-1.99
194.8,3795,-2.063
195,3795.2,-2.053
195.2,3795.4,-2.01
195.4,3795.6,-1.99
195.6,3795.8,-1.923
195.8,3796,-1.875
196,3796.2,-1.754
196.2,3796.4,-1.672
196.4,3796.6,-1.581
196.6,3796.8,-1.392
196.8,3797,-1.301
197,3797.2,-1.238
197.2,3797.4,-1.257
197.4,3797.6,-1.219
197.6,3797.8,-1.194
197.8,3798,-1.166
198,3798.2,-1.146
198.2,3798.4,-1.117
198.4,3798.6,-1.098
198.6,3798.8,-1.074
198.8,3799,-1.055
199,3799.2,-1.04
199.2,3799.4,-1.016
199.4,3799.6,-1.002
199.6,3799.8,-0.987
199.8,3800,-0.963
200,3800.2,-0.939
200.2,3800.4,-0.924
200.4,3800.6,-0.91
200.6,3800.8,-0.895
200.8,3801,-0.881
201,3801.2,-0.852
201.2,3801.4,-0.838
201.4,3801.6,-0.823
201.6,3801.8,-0.809
201.8,3802,-0.785
202,3802.2,-0.756
202.2,3802.4,-0.741
202.4,3802.6,-0.717
202.6,3802.8,-0.698
202.8,3803,-0.674
203,3803.2,-0.645
203.2,3803.4,-0.616
203.4,3803.6,-0.582
203.6,3803.8,-0.553
203.8,3804,-0.51
204,3804.2,-0.461
204.2,3804.4,-0.408
204.4,3804.6,-0.36
204.6,3804.8,-0.288
204.8,3805,-0.235
205,3805.2,-0.172
205.2,3805.4,-0.095
205.4,3805.6,-0.018
205.6,3805.8,0.045
205.8,3806,0.089
206,3806.2,0.214
206.2,3806.4,0.325
206.4,3806.6,0.363
206.6,3806.8,0.508
206.8,3807,0.6
207,3807.2,0.696
207.2,3807.4,0.797
207.4,3807.6,0.851
207.6,3807.8,0.88
207.8,3808,0.918
208,3808.2,0.942
208.2,3808.4,0.952
208.4,3808.6,0.981
208.6,3808.8,1
208.8,3809,1.029
209,3809.2,1.063
209.2,3809.4,1.111
209.4,3809.6,1.145
209.6,3809.8,1.203
209.8,3810,1.26
210,3810.2,1.313
210.2,3810.4,1.376
210.4,3810.6,1.714
210.6,3810.8,1.699
210.8,3811,1.695
211,3811.2,1.748
211.2,3811.4,1.801
211.4,3811.6,1.834
211.6,3811.8,1.892
211.8,3812,1.998
212,3812.2,2.047
212.2,3812.4,2.085
212.4,3812.6,2.08
212.6,3812.8,2.104
212.8,3813,2.124
213,3813.2,2.162
213.2,3813.4,2.129
213.4,3813.6,2.119
213.6,3813.8,2.148
213.8,3814,2.124
214,3814.2,2.124
214.2,3814.4,2.056
214.4,3814.6,2.003
214.6,3814.8,2.037
214.8,3815,2.008
215,3815.2,1.95
215.2,3815.4,1.907
215.4,3815.6,1.834
215.6,3815.8,1.776
215.8,3816,1.714
216,3816.2,1.627
216.2,3816.4,1.555
216.4,3816.6,1.482
216.6,3816.8,1.386
216.8,3817,1.294
217,3817.2,1.188
217.2,3817.4,1.068
217.4,3817.6,0.942
217.6,3817.8,0.778
217.8,3818,0.58
218,3818.2,0.368
218.2,3818.4,0.098
218.4,3818.6,0.011
218.6,3818.8,-0.008
218.8,3819,-0.003
219,3819.2,-0.013
219.2,3819.4,-0.003
219.4,3819.6,-0.013
219.6,3819.8,-0.013
219.8,3820,-0.023
220,3820.2,-0.027
220.2,3820.4,-0.042
220.4,3820.6,-0.052
220.6,3820.8,-0.061
220.8,3821,-0.076
221,3821.2,-0.09
221.2,3821.4,-0.104
221.4,3821.6,-0.129
221.6,3821.8,-0.148
221.8,3822,-0.177
222,3822.2,-0.201
222.2,3822.4,-0.235
222.4,3822.6,-0.264
222.6,3822.8,-0.293
222.8,3823,-0.336
223,3823.2,-0.365
223.2,3823.4,-0.384
223.4,3823.6,-0.408
223.6,3823.8,-0.432
223.8,3824,-0.437
224,3824.2,-0.481
224.2,3824.4,-0.49
224.4,3824.6,-0.519
224.6,3824.8,-0.544
224.8,3825,-0.592
225,3825.2,-0.611
225.2,3825.4,-0.649
225.4,3825.6,-0.621
225.6,3825.8,-0.64
225.8,3826,-0.693
226,3826.2,-0.669
226.2,3826.4,-0.703
226.4,3826.6,-0.717
226.6,3826.8,-0.707
226.8,3827,-0.751
227,3827.2,-0.76
227.2,3827.4,-0.756
227.4,3827.6,-0.775
227.6,3827.8,-0.789
227.8,3828,-0.862
228,3828.2,-0.915
228.2,3828.4,-0.968
228.4,3828.6,-1.021
228.6,3828.8,-1.079
228.8,3829,-1.166
229,3829.2,-1.219
229.2,3829.4,-1.33
229.4,3829.6,-1.407
229.6,3829.8,-1.542
229.8,3830,-1.648
230,3830.2,-1.715
230.2,3830.4,-1.749
230.4,3830.6,-1.72
230.6,3830.8,-1.754
230.8,3831,-1.715
231,3831.2,-1.706
231.2,3831.4,-1.686
231.4,3831.6,-1.634
231.6,3831.8,-1.508
231.8,3832,-1.373
232,3832.2,-1.31
232.2,3832.4,-1.214
232.4,3832.6,-1.185
232.6,3832.8,-1.156
232.8,3833,-1.18
233,3833.2,-1.166
233.2,3833.4,-1.141
233.4,3833.6,-1.137
233.6,3833.8,-1.108
233.8,3834,-1.098
234,3834.2,-1.079
234.2,3834.4,-1.06
234.4,3834.6,-1.04
234.6,3834.8,-1.026
234.8,3835,-1.006
235,3835.2,-0.997
235.2,3835.4,-0.977
235.4,3835.6,-0.963
235.6,3835.8,-0.944
235.8,3836,-0.929
236,3836.2,-0.915
236.2,3836.4,-0.9
236.4,3836.6,-0.886
236.6,3836.8,-0.876
236.8,3837,-0.852
237,3837.2,-0.843
237.2,3837.4,-0.828
237.4,3837.6,-0.804
237.6,3837.8,-0.785
237.8,3838,-0.732
238,3838.2,-0.688
238.2,3838.4,-0.674
238.4,3838.6,-0.654
238.6,3838.8,-0.635
238.8,3839,-0.611
239,3839.2,-0.573
239.2,3839.4,-0.534
239.4,3839.6,-0.51
239.6,3839.8,-0.481
239.8,3840,-0.457
240,3840.2,-0.423
240.2,3840.4,-0.389
240.4,3840.6,-0.346
240.6,3840.8,-0.293
240.8,3841,-0.235
241,3841.2,-0.177
241.2,3841.4,-0.119
241.4,3841.6,-0.071
241.6,3841.8,-0.013
241.8,3842,0.06
242,3842.2,0.113
242.2,3842.4,0.156
242.4,3842.6,0.228
242.6,3842.8,0.305
242.8,3843,0.388
243,3843.2,0.426
243.2,3843.4,0.537
243.4,3843.6,0.6
243.6,3843.8,0.682
243.8,3844,0.768
244,3844.2,0.851
244.2,3844.4,0.966
244.4,3844.6,1.019
244.6,3844.8,1.053
244.8,3845,1.068
245,3845.2,1.096
245.2,3845.4,1.101
245.4,3845.6,1.154
245.6,3845.8,1.159
245.8,3846,1.174
246,3846.2,1.198
246.2,3846.4,1.217
246.4,3846.6,1.246
246.6,3846.8,1.284
246.8,3847,1.309
247,3847.2,1.362
247.2,3847.4,1.396
247.4,3847.6,1.434
247.6,3847.8,1.468
247.8,3848,1.506
248,3848.2,1.545
248.2,3848.4,1.588
248.4,3848.6,1.632
248.6,3848.8,1.671
248.8,3849,1.719
249,3849.2,1.752
249.2,3849.4,1.776
249.4,3849.6,1.825
249.6,3849.8,1.873
249.8,3850,1.912
250,3850.2,1.95
250.2,3850.4,2.003
250.4,3850.6,2.104
250.6,3850.8,2.138
250.8,3851,2.148
251,3851.2,2.167
251.2,3851.4,2.187
251.4,3851.6,2.201
251.6,3851.8,2.201
251.8,3852,2.22
252,3852.2,2.244
252.2,3852.4,2.24
252.4,3852.6,2.225
252.6,3852.8,2.216
252.8,3853,2.679
253,3853.2,2.664
253.2,3853.4,2.616
253.4,3853.6,2.606
253.6,3853.8,2.587
253.8,3854,2.519
254,3854.2,2.457
254.2,3854.4,2.442
254.4,3854.6,2.428
254.6,3854.8,2.379
254.8,3855,2.36
255,3855.2,2.312
255.2,3855.4,2.264
255.4,3855.6,2.201
255.6,3855.8,2.143
255.8,3856,2.076
256,3856.2,2.018
256.2,3856.4,1.95
256.4,3856.6,1.897
256.6,3856.8,1.825
256.8,3857,1.772
257,3857.2,1.699
257.2,3857.4,1.714
257.4,3857.6,1.661
257.6,3857.8,1.579
257.8,3858,1.497
258,3858.2,1.429
258.2,3858.4,1.352
258.4,3858.6,1.27
258.6,3858.8,1.193
258.8,3859,1.121
259,3859.2,1.024
259.2,3859.4,0.947
259.4,3859.6,0.86
259.6,3859.8,0.759
259.8,3860,0.648
260,3860.2,0.551
260.2,3860.4,0.426
260.4,3860.6,0.291
260.6,3860.8,0.146
260.8,3861,0.002
261,3861.2,-0.133
261.2,3861.4,-0.143
261.4,3861.6,-0.148
261.6,3861.8,-0.157
261.8,3862,-0.157
262,3862.2,-0.167
262.2,3862.4,-0.167
262.4,3862.6,-0.177
262.6,3862.8,-0.177
262.8,3863,-0.186
263,3863.2,-0.191
263.2,3863.4,-0.196
263.4,3863.6,-0.201
263.6,3863.8,-0.206
263.8,3864,-0.211
264,3864.2,-0.22
264.2,3864.4,-0.23
264.4,3864.6,-0.235
264.6,3864.8,-0.244
264.8,3865,-0.278
265,3865.2,-0.283
265.2,3865.4,-0.288
265.4,3865.6,-0.298
265.6,3865.8,-0.317
265.8,3866,-0.326
266,3866.2,-0.355
266.2,3866.4,-0.37
266.4,3866.6,-0.375
266.6,3866.8,-0.384
266.8,3867,-0.403
267,3867.2,-0.418
267.2,3867.4,-0.447
267.4,3867.6,-0.476
267.6,3867.8,-0.486
267.8,3868,-0.51
268,3868.2,-0.519
268.2,3868.4,-0.544
268.4,3868.6,-0.558
268.6,3868.8,-0.597
268.8,3869,-0.611
269,3869.2,-0.635
269.2,3869.4,-1.122
269.4,3869.6,-1.064
269.6,3869.8,-1.069
269.8,3870,-1.151
270,3870.2,-1.161
270.2,3870.4,-1.156
270.4,3870.6,-1.185
270.6,3870.8,-1.209
270.8,3871,-1.228
271,3871.2,-1.252
271.2,3871.4,-1.228
271.4,3871.6,-1.281
271.6,3871.8,-1.262
271.8,3872,-1.281
272,3872.2,-1.296
272.2,3872.4,-1.31
272.4,3872.6,-1.354
272.6,3872.8,-1.373
272.8,3873,-1.407
273,3873.2,-1.397
273.2,3873.4,-1.416
273.4,3873.6,-1.412
273.6,3873.8,-1.416
273.8,3874,-1.416
274,3874.2,-1.465
274.2,3874.4,-1.46
274.4,3874.6,-1.45
274.6,3874.8,-1.445
274.8,3875,-1.494
275,3875.2,-1.484
275.2,3875.4,-1.489
275.4,3875.6,-1.484
275.6,3875.8,-1.503
275.8,3876,-1.498
276,3876.2,-1.513
276.2,3876.4,-1.523
276.4,3876.6,-1.503
276.6,3876.8,-1.537
276.8,3877,-1.556
277,3877.2,-1.686
277.2,3877.4,-1.634
277.4,3877.6,-1.754
277.6,3877.8,-1.754
277.8,3878,-1.682
278,3878.2,-1.754
278.2,3878.4,-1.768
278.4,3878.6,-1.87
278.6,3878.8,-1.952
278.8,3879,-2.019
279,3879.2,-2.077
279.2,3879.4,-2.111
279.4,3879.6,-2.164
279.6,3879.8,-2.217
279.8,3880,-2.28
280,3880.2,-2.314
280.2,3880.4,-2.251
280.4,3880.6,-2.178
280.6,3880.8,-2.135
280.8,3881,-2.077
281,3881.2,-2.024
281.2,3881.4,-1.995
281.4,3881.6,-1.904
281.6,3881.8,-1.846
281.8,3882,-1.778
282,3882.2,-1.609
282.2,3882.4,-1.484
282.4,3882.6,-1.421
282.6,3882.8,-1.407
282.8,3883,-1.354
283,3883.2,-1.344
283.2,3883.4,-1.335
283.4,3883.6,-1.301
283.6,3883.8,-1.272
283.8,3884,-1.252
284,3884.2,-1.228
284.2,3884.4,-1.204
284.4,3884.6,-1.18
284.6,3884.8,-1.146
284.8,3885,-1.407
285,3885.2,-1.084
285.2,3885.4,-1.05
285.4,3885.6,-1.17
285.6,3885.8,-1.06
285.8,3886,-0.958
286,3886.2,-0.919
286.2,3886.4,-0.905
286.4,3886.6,-0.886
286.6,3886.8,-0.881
286.8,3887,-0.867
287,3887.2,-0.838
287.2,3887.4,-0.823
287.4,3887.6,-0.775
287.6,3887.8,-0.756
287.8,3888,-0.727
288,3888.2,-0.707
288.2,3888.4,-0.597
288.4,3888.6,-0.611
288.6,3888.8,-0.606
288.8,3889,-0.582
289,3889.2,-0.548
289.2,3889.4,-0.515
289.4,3889.6,-0.481
289.6,3889.8,-0.423
289.8,3890,-0.389
290,3890.2,-0.346
290.2,3890.4,-0.269
290.4,3890.6,-0.211
290.6,3890.8,-0.177
290.8,3891,-0.143
291,3891.2,-0.09
291.2,3891.4,-0.042
291.4,3891.6,0.011
291.6,3891.8,0.069
291.8,3892,0.117
292,3892.2,0.194
292.2,3892.4,0.267
292.4,3892.6,0.412
292.6,3892.8,0.455
292.8,3893,0.518
293,3893.2,0.59
293.2,3893.4,0.648
293.4,3893.6,0.706
293.6,3893.8,0.759
293.8,3894,0.812
294,3894.2,0.841
294.2,3894.4,0.981
294.4,3894.6,1.092
294.6,3894.8,1.179
294.8,3895,1.212
295,3895.2,1.323
295.2,3895.4,1.4
295.4,3895.6,1.468
295.6,3895.8,1.555
295.8,3896,1.642
296,3896.2,1.699
296.2,3896.4,1.757
296.4,3896.6,1.796
296.6,3896.8,1.873
296.8,3897,1.849
297,3897.2,1.868
297.2,3897.4,1.873
297.4,3897.6,1.892
297.6,3897.8,1.902
297.8,3898,1.907
298,3898.2,1.926
298.2,3898.4,1.95
298.4,3898.6,1.97
298.6,3898.8,1.989
298.8,3899,2.003
299,3899.2,2.027
299.2,3899.4,2.08
299.4,3899.6,2.08
299.6,3899.8,2.109
299.8,3900,2.162
300,3900.2,2.201
300.2,3900.4,2.249
300.4,3900.6,2.283
300.6,3900.8,2.302
300.8,3901,2.336
301,3901.2,2.341
301.2,3901.4,2.375
301.4,3901.6,2.413
301.6,3901.8,2.433
301.8,3902,2.452
302,3902.2,2.462
302.2,3902.4,2.49
302.4,3902.6,2.505
302.6,3902.8,2.529
302.8,3903,2.548
303,3903.2,2.543
303.2,3903.4,2.558
303.4,3903.6,2.592
303.6,3903.8,2.611
303.8,3904,2.65
304,3904.2,2.717
304.2,3904.4,2.722
304.4,3904.6,2.722
304.6,3904.8,2.746
304.8,3905,2.741
305,3905.2,2.732
305.2,3905.4,2.732
305.4,3905.6,2.722
305.6,3905.8,2.712
305.8,3906,2.688
306,3906.2,2.688
306.2,3906.4,2.683
306.4,3906.6,2.674
306.6,3906.8,2.635
306.8,3907,2.606
307,3907.2,2.582
307.2,3907.4,2.558
307.4,3907.6,2.548
307.6,3907.8,2.524
307.8,3908,2.471
308,3908.2,2.447
308.2,3908.4,2.428
308.4,3908.6,2.413
308.6,3908.8,2.428
308.8,3909,2.365
309,3909.2,2.297
309.2,3909.4,2.278
309.4,3909.6,2.307
309.6,3909.8,2.312
309.8,3910,2.288
310,3910.2,2.278
310.2,3910.4,2.254
310.4,3910.6,2.216
310.6,3910.8,2.211
310.8,3911,2.172
311,3911.2,2.148
311.2,3911.4,2.104
311.4,3911.6,2.076
311.6,3911.8,2.027
311.8,3912,2.003
312,3912.2,1.955
312.2,3912.4,1.921
312.4,3912.6,1.883
312.6,3912.8,1.839
312.8,3913,1.801
313,3913.2,1.767
313.2,3913.4,1.723
313.4,3913.6,1.68
313.6,3913.8,1.642
313.8,3914,1.603
314,3914.2,1.564
314.2,3914.4,1.53
314.4,3914.6,1.487
314.6,3914.8,1.444
314.8,3915,1.391
315,3915.2,1.347
315.2,3915.4,1.304
315.4,3915.6,1.255
315.6,3915.8,1.227
315.8,3916,1.179
316,3916.2,1.116
316.2,3916.4,1.053
316.4,3916.6,1.019
316.6,3916.8,0.947
316.8,3917,0.87
317,3917.2,0.812
317.2,3917.4,0.735
317.4,3917.6,0.653
317.6,3917.8,0.561
317.8,3918,0.479
318,3918.2,0.378
318.2,3918.4,0.267
318.4,3918.6,0.151
318.6,3918.8,0.045
318.8,3919,-0.056
319,3919.2,-0.061
319.2,3919.4,-0.071
319.4,3919.6,-0.076
319.6,3919.8,-0.076
319.8,3920,-0.08
320,3920.2,-0.08
320.2,3920.4,-0.085
320.4,3920.6,-0.09
320.6,3920.8,-0.095
320.8,3921,-0.095
321,3921.2,-0.095
321.2,3921.4,-0.1
321.4,3921.6,-0.1
321.6,3921.8,-0.104
321.8,3922,-0.109
322,3922.2,-0.109
322.2,3922.4,-0.114
322.4,3922.6,-0.114
322.6,3922.8,-0.124
322.8,3923,-0.124
323,3923.2,-0.133
323.2,3923.4,-0.143
323.4,3923.6,-0.157
323.6,3923.8,-0.153
323.8,3924,-0.162
324,3924.2,-0.172
324.2,3924.4,-0.177
324.4,3924.6,-0.182
324.6,3924.8,-0.182
324.8,3925,-0.191
325,3925.2,-0.191
325.2,3925.4,-0.201
325.4,3925.6,-0.196
325.6,3925.8,-0.206
325.8,3926,-0.211
326,3926.2,-0.22
326.2,3926.4,-0.235
326.4,3926.6,-0.24
326.6,3926.8,-0.249
326.8,3927,-0.254
327,3927.2,-0.264
327.2,3927.4,-0.273
327.4,3927.6,-0.288
327.6,3927.8,-0.293
327.8,3928,-0.312
328,3928.2,-0.317
328.2,3928.4,-0.322
328.4,3928.6,-0.36
328.6,3928.8,-0.365
328.8,3929,-0.365
329,3929.2,-0.365
329.2,3929.4,-0.37
329.4,3929.6,-0.375
329.6,3929.8,-0.384
329.8,3930,-0.389
330,3930.2,-0.486
330.2,3930.4,-0.476
330.4,3930.6,-0.471
330.6,3930.8,-0.452
330.8,3931,-0.457
331,3931.2,-0.457
331.2,3931.4,-0.447
331.4,3931.6,-0.452
331.6,3931.8,-0.457
331.8,3932,-0.461
332,3932.2,-0.461
332.2,3932.4,-0.466
332.4,3932.6,-0.476
332.6,3932.8,-0.481
332.8,3933,-0.481
333,3933.2,-0.49
333.2,3933.4,-0.495
333.4,3933.6,-0.5
333.6,3933.8,-0.476
333.8,3934,-0.5
334,3934.2,-0.592
334.2,3934.4,-0.592
334.4,3934.6,-0.601
334.6,3934.8,-0.674
334.8,3935,-0.674
335,3935.2,-0.664
335.2,3935.4,-0.678
335.4,3935.6,-0.698
335.6,3935.8,-0.707
335.8,3936,-0.712
336,3936.2,-0.717
336.2,3936.4,-0.963
336.4,3936.6,-1.006
336.6,3936.8,-1.064
336.8,3937,-1.021
337,3937.2,-0.982
337.2,3937.4,-0.958
337.4,3937.6,-0.886
337.6,3937.8,-0.871
337.8,3938,-0.857
338,3938.2,-0.852
338.2,3938.4,-0.838
338.4,3938.6,-0.833
338.6,3938.8,-0.833
338.8,3939,-0.833
339,3939.2,-0.838
339.2,3939.4,-0.847
339.4,3939.6,-0.843
339.6,3939.8,-0.823
339.8,3940,-0.809
340,3940.2,-0.804
340.2,3940.4,-0.799
340.4,3940.6,-0.794
340.6,3940.8,-0.789
340.8,3941,-0.785
341,3941.2,-0.78
341.2,3941.4,-0.78
341.4,3941.6,-0.78
341.6,3941.8,-0.775
341.8,3942,-0.78
342,3942.2,-0.78
342.2,3942.4,-0.77
342.4,3942.6,-0.76
342.6,3942.8,-0.794
342.8,3943,-0.76
343,3943.2,-0.756
343.2,3943.4,-0.751
343.4,3943.6,-0.746
343.6,3943.8,-0.751
343.8,3944,-0.736
344,3944.2,-0.732
344.2,3944.4,-0.717
344.4,3944.6,-0.707
344.6,3944.8,-0.703
344.8,3945,-0.698
345,3945.2,-0.693
345.2,3945.4,-0.683
345.4,3945.6,-0.683
345.6,3945.8,-0.654
345.8,3946,-0.669
346,3946.2,-0.674
346.2,3946.4,-0.654
346.4,3946.6,-0.64
346.6,3946.8,-0.63
346.8,3947,-0.621
347,3947.2,-0.625
347.2,3947.4,-0.606
347.4,3947.6,-0.625
347.6,3947.8,-0.64
347.8,3948,-0.621
348,3948.2,-0.611
348.2,3948.4,-0.597
348.4,3948.6,-0.597
348.6,3948.8,-0.558
348.8,3949,-0.544
349,3949.2,-0.539
349.2,3949.4,-0.529
349.4,3949.6,-0.519
349.6,3949.8,-0.519
349.8,3950,-0.519
350,3950.2,-0.515
350.2,3950.4,-0.5
350.4,3950.6,-0.49
350.6,3950.8,-0.461
350.8,3951,-0.452
351,3951.2,-0.442
351.2,3951.4,-0.442
351.4,3951.6,-0.452
351.6,3951.8,-0.461
351.8,3952,-0.457
352,3952.2,-0.466
352.2,3952.4,-0.466
352.4,3952.6,-0.481
352.6,3952.8,-0.481
352.8,3953,-0.481
353,3953.2,-0.5
353.2,3953.4,-0.461
353.4,3953.6,-0.461
353.6,3953.8,-0.461
353.8,3954,-0.466
354,3954.2,-0.447
354.2,3954.4,-0.442
354.4,3954.6,-0.442
354.6,3954.8,-0.442
354.8,3955,-0.442
355,3955.2,-0.437
355.2,3955.4,-0.428
355.4,3955.6,-0.423
355.6,3955.8,-0.423
355.8,3956,-0.423
356,3956.2,-0.413
356.2,3956.4,-0.403
356.4,3956.6,-0.394
356.6,3956.8,-0.399
356.8,3957,-0.394
357,3957.2,-0.394
357.2,3957.4,-0.394
357.4,3957.6,-0.389
357.6,3957.8,-0.379
357.8,3958,-0.375
358,3958.2,-0.365
358.2,3958.4,-0.365
358.4,3958.6,-0.365
358.6,3958.8,-0.355
358.8,3959,-0.351
359,3959.2,-0.346
359.2,3959.4,-0.341
359.4,3959.6,-0.346
359.6,3959.8,-0.351
359.8,3960,-0.346
360,3960.2,-0.351
360.2,3960.4,-0.36
360.4,3960.6,-0.36
360.6,3960.8,-0.36
360.8,3961,-0.36
361,3961.2,-0.355
361.2,3961.4,-0.355
361.4,3961.6,-0.355
361.6,3961.8,-0.351
361.8,3962,-0.351
362,3962.2,-0.346
362.2,3962.4,-0.336
362.4,3962.6,-0.341
362.6,3962.8,-0.341
362.8,3963,-0.341
363,3963.2,-0.341
363.2,3963.4,-0.326
363.4,3963.6,-0.331
363.6,3963.8,-0.317
363.8,3964,-0.317
364,3964.2,-0.307
364.2,3964.4,-0.592
364.4,3964.6,-0.544
364.6,3964.8,-0.505
364.8,3965,-0.481
365,3965.2,-0.457
365.2,3965.4,-0.442
365.4,3965.6,-0.432
365.6,3965.8,-0.423
365.8,3966,-0.413
366,3966.2,-0.403
366.2,3966.4,-0.403
366.4,3966.6,-0.394
366.6,3966.8,-0.375
366.8,3967,-0.375
367,3967.2,-0.37
367.2,3967.4,-0.355
367.4,3967.6,-0.351
367.6,3967.8,-0.341
367.8,3968,-0.312
368,3968.2,-0.302
368.2,3968.4,-0.288
368.4,3968.6,-0.269
368.6,3968.8,-0.264
368.8,3969,-0.259
369,3969.2,-0.254
369.2,3969.4,-0.249
369.4,3969.6,-0.244
369.6,3969.8,-0.235
369.8,3970,-0.244
370,3970.2,-0.235
370.2,3970.4,-0.23
370.4,3970.6,-0.215
370.6,3970.8,-0.215
370.8,3971,-0.211
371,3971.2,-0.206
371.2,3971.4,-0.206
371.4,3971.6,-0.191
371.6,3971.8,-0.186
371.8,3972,-0.177
372,3972.2,-0.182
372.2,3972.4,-0.172
372.4,3972.6,-0.167
372.6,3972.8,-0.157
372.8,3973,-0.143
373,3973.2,-0.138
373.2,3973.4,-0.143
373.4,3973.6,-0.124
373.6,3973.8,-0.066
373.8,3974,-0.008
374,3974.2,0.04
374.2,3974.4,0.098
374.4,3974.6,0.142
374.6,3974.8,0.17
374.8,3975,0.228
375,3975.2,0.272
375.2,3975.4,0.32
375.4,3975.6,0.368
375.6,3975.8,0.383
375.8,3976,0.421
376,3976.2,0.445
376.2,3976.4,0.46
376.4,3976.6,0.484
376.6,3976.8,0.513
376.8,3977,0.522
377,3977.2,0.556
377.2,3977.4,0.571
377.4,3977.6,0.58
377.6,3977.8,0.605
377.8,3978,0.609
378,3978.2,0.619
378.2,3978.4,0.532
378.4,3978.6,0.551
378.6,3978.8,0.566
378.8,3979,0.576
379,3979.2,0.576
379.2,3979.4,0.556
379.4,3979.6,0.566
379.6,3979.8,0.561
379.8,3980,0.556
380,3980.2,0.561
380.2,3980.4,0.561
380.4,3980.6,0.561
380.6,3980.8,0.571
380.8,3981,0.556
381,3981.2,0.551
381.2,3981.4,0.532
381.4,3981.6,0.513
381.6,3981.8,0.503
381.8,3982,0.484
382,3982.2,0.455
382.2,3982.4,0.44
382.4,3982.6,0.421
382.6,3982.8,0.412
382.8,3983,0.392
383,3983.2,0.354
383.2,3983.4,0.339
383.4,3983.6,0.315
383.6,3983.8,0.291
383.8,3984,0.257
384,3984.2,0.228
384.2,3984.4,0.19
384.4,3984.6,0.156
384.6,3984.8,0.113
384.8,3985,0.055
385,3985.2,0.016
385.2,3985.4,-0.037
385.4,3985.6,-0.076
385.6,3985.8,-0.133
385.8,3986,-0.182
386,3986.2,-0.196
386.2,3986.4,-0.206
386.4,3986.6,-0.206
386.6,3986.8,-0.206
386.8,3987,-0.23
387,3987.2,-0.23
387.2,3987.4,-0.235
387.4,3987.6,-0.235
387.6,3987.8,-0.24
387.8,3988,-0.249
388,3988.2,-0.249
388.2,3988.4,-0.249
388.4,3988.6,-0.254
388.6,3988.8,-0.254
388.8,3989,-0.264
389,3989.2,-0.264
389.2,3989.4,-0.269
389.4,3989.6,-0.273
389.6,3989.8,-0.283
389.8,3990,-0.278
390,3990.2,-0.283
390.2,3990.4,-0.288
390.4,3990.6,-0.293
390.6,3990.8,-0.298
390.8,3991,-0.307
391,3991.2,-0.298
391.2,3991.4,-0.312
391.4,3991.6,-0.312
391.6,3991.8,-0.553
391.8,3992,-0.674
392,3992.2,-0.654
392.2,3992.4,-0.645
392.4,3992.6,-0.645
392.6,3992.8,-0.654
392.8,3993,-0.683
393,3993.2,-0.674
393.2,3993.4,-0.669
393.4,3993.6,-0.659
393.6,3993.8,-0.664
393.8,3994,-0.659
394,3994.2,-0.659
394.2,3994.4,-0.674
394.4,3994.6,-0.674
394.6,3994.8,-0.674
394.8,3995,-0.674
395,3995.2,-0.674
395.2,3995.4,-0.683
395.4,3995.6,-0.678
395.6,3995.8,-0.693
395.8,3996,-0.693
396,3996.2,-0.698
396.2,3996.4,-0.698
396.4,3996.6,-0.698
396.6,3996.8,-0.712
396.8,3997,-0.707
397,3997.2,-0.712
397.2,3997.4,-0.722
397.4,3997.6,-0.732
397.6,3997.8,-0.736
397.8,3998,-0.746
398,3998.2,-0.756
398.2,3998.4,-0.76
398.4,3998.6,-0.775
398.6,3998.8,-0.785
398.8,3999,-0.799
399,3999.2,-0.809
399.2,3999.4,-0.828
399.4,3999.6,-0.838
399.6,3999.8,-0.852
399.8,4000,-0.871
400,4000.2,-0.886
400.2,4000.4,-0.9
400.4,4000.6,-0.915
400.6,4000.8,-0.929
400.8,4001,-0.958
401,4001.2,-0.968
401.2,4001.4,-0.982
401.4,4001.6,-1.006
401.6,4001.8,-1.016
401.8,4002,-1.031
402,4002.2,-1.055
402.2,4002.4,-1.069
402.4,4002.6,-1.093
402.6,4002.8,-1.113
402.8,4003,-1.132
403,4003.2,-1.156
403.2,4003.4,-1.175
403.4,4003.6,-1.199
403.6,4003.8,-1.219
403.8,4004,-1.248
404,4004.2,-1.262
404.2,4004.4,-1.301
404.4,4004.6,-1.315
404.6,4004.8,-1.339
404.8,4005,-1.339
405,4005.2,-1.349
405.2,4005.4,-1.388
405.4,4005.6,-1.402
405.6,4005.8,-1.416
405.8,4006,-1.431
406,4006.2,-1.445
406.2,4006.4,-1.45
406.4,4006.6,-1.469
406.6,4006.8,-1.484
406.8,4007,-1.513
407,4007.2,-1.537
407.2,4007.4,-1.552
407.4,4007.6,-1.576
407.6,4007.8,-1.619
407.8,4008,-1.624
408,4008.2,-1.643
408.2,4008.4,-1.638
408.4,4008.6,-1.643
408.6,4008.8,-1.672
408.8,4009,-1.696
409,4009.2,-1.701
409.2,4009.4,-1.73
409.4,4009.6,-1.715
409.6,4009.8,-1.735
409.8,4010,-1.759
410,4010.2,-1.754
410.2,4010.4,-1.793
410.4,4010.6,-1.793
410.6,4010.8,-1.793
410.8,4011,-1.831
411,4011.2,-1.826
411.2,4011.4,-1.851
411.4,4011.6,-1.884
411.6,4011.8,-1.904
411.8,4012,-1.908
412,4012.2,-1.947
412.2,4012.4,-1.956
412.4,4012.6,-1.99
412.6,4012.8,-2.058
412.8,4013,-2.101
413,4013.2,-2.121
413.2,4013.4,-2.203
413.4,4013.6,-2.222
413.6,4013.8,-2.343
413.8,4014,-2.367
414,4014.2,-2.473
414.2,4014.4,-2.482
414.4,4014.6,-2.545
414.6,4014.8,-2.627
414.8,4015,-2.608
415,4015.2,-2.651
415.2,4015.4,-2.661
415.4,4015.6,-2.666
415.6,4015.8,-2.622
415.8,4016,-2.598
416,4016.2,-2.589
416.2,4016.4,-2.574
416.4,4016.6,-2.531
416.6,4016.8,-2.526
416.8,4017,-2.468
417,4017.2,-2.473
417.2,4017.4,-2.405
417.4,4017.6,-2.434
417.6,4017.8,-2.304
417.8,4018,-2.251
418,4018.2,-2.145
418.2,4018.4,-2.087
418.4,4018.6,-2.072
418.6,4018.8,-2.005
418.8,4019,-1.942
419,4019.2,-1.788
419.2,4019.4,-1.773
419.4,4019.6,-1.759
419.6,4019.8,-1.768
419.8,4020,-1.696
420,4020.2,-1.706
420.2,4020.4,-1.691
420.4,4020.6,-1.672
420.6,4020.8,-1.658
420.8,4021,-1.638
421,4021.2,-1.624
421.2,4021.4,-1.6
421.4,4021.6,-1.585
421.6,4021.8,-1.532
421.8,4022,-1.513
422,4022.2,-1.484
422.2,4022.4,-1.469
422.4,4022.6,-1.45
422.6,4022.8,-1.431
422.8,4023,-1.426
423,4023.2,-1.407
423.2,4023.4,-1.388
423.4,4023.6,-1.378
423.6,4023.8,-1.368
423.8,4024,-1.368
424,4024.2,-1.368
424.2,4024.4,-1.364
424.4,4024.6,-1.354
424.6,4024.8,-1.335
424.8,4025,-1.315
425,4025.2,-1.301
425.2,4025.4,-1.286
425.4,4025.6,-1.262
425.6,4025.8,-1.252
425.8,4026,-1.238
426,4026.2,-1.228
426.2,4026.4,-1.214
426.4,4026.6,-1.199
426.6,4026.8,-1.185
426.8,4027,-1.17
427,4027.2,-1.156
427.2,4027.4,-1.141
427.4,4027.6,-1.108
427.6,4027.8,-1.093
427.8,4028,-1.074
428,4028.2,-1.055
428.2,4028.4,-1.026
428.4,4028.6,-0.997
428.6,4028.8,-0.977
428.8,4029,-0.953
429,4029.2,-0.924
429.2,4029.4,-0.9
429.4,4029.6,-0.876
429.6,4029.8,-0.852
429.8,4030,-0.833
430,4030.2,-0.809
430.2,4030.4,-0.785
430.4,4030.6,-0.751
430.6,4030.8,-0.717
430.8,4031,-0.693
431,4031.2,-0.597
431.2,4031.4,-0.558
431.4,4031.6,-0.534
431.6,4031.8,-0.5
431.8,4032,-0.466
432,4032.2,-0.442
432.2,4032.4,-0.423
432.4,4032.6,-0.389
432.6,4032.8,-0.346
432.8,4033,-0.307
433,4033.2,-0.259
433.2,4033.4,-0.225
433.4,4033.6,-0.167
433.6,4033.8,-0.133
433.8,4034,-0.095
434,4034.2,-0.066
434.2,4034.4,-0.042
434.4,4034.6,-0.013
434.6,4034.8,-0.008
434.8,4035,0.04
435,4035.2,0.117
435.2,4035.4,0.146
435.4,4035.6,0.132
435.6,4035.8,0.19
435.8,4036,0.219
436,4036.2,0.243
436.2,4036.4,0.272
436.4,4036.6,0.305
436.6,4036.8,0.325
436.8,4037,0.339
437,4037.2,0.368
437.2,4037.4,0.383
437.4,4037.6,0.397
437.6,4037.8,0.426
437.8,4038,0.464
438,4038.2,0.503
438.2,4038.4,0.556
438.4,4038.6,0.585
438.6,4038.8,0.619
438.8,4039,0.648
439,4039.2,0.691
439.2,4039.4,0.744
439.4,4039.6,0.773
439.6,4039.8,0.783
439.8,4040,0.812
440,4040.2,0.841
440.2,4040.4,0.884
440.4,4040.6,0.966
440.6,4040.8,0.99
440.8,4041,1.039
441,4041.2,1.039
441.2,4041.4,1.058
441.4,4041.6,1.121
441.6,4041.8,4.979
441.8,4042,4.54
442,4042.2,3.923
442.2,4042.4,3.764
442.4,4042.6,3.619
442.6,4042.8,3.513
442.8,4043,3.465
443,4043.2,3.412
443.2,4043.4,3.363
443.4,4043.6,3.339
443.6,4043.8,3.402
443.8,4044,3.392
444,4044.2,3.387
444.2,4044.4,3.344
444.4,4044.6,3.329
444.6,4044.8,3.32
444.8,4045,3.31
445,4045.2,3.296
445.2,4045.4,3.291
445.4,4045.6,3.257
445.6,4045.8,3.214
445.8,4046,3.219
446,4046.2,3.19
446.2,4046.4,3.185
446.4,4046.6,3.161
446.6,4046.8,3.146
446.8,4047,3.175
447,4047.2,3.151
447.2,4047.4,3.122
447.4,4047.6,3.141
447.6,4047.8,3.112
447.8,4048,3.103
448,4048.2,3.32
448.2,4048.4,3.243
448.4,4048.6,3.233
448.6,4048.8,3.253
448.8,4049,3.257
449,4049.2,3.238
449.2,4049.4,3.238
449.4,4049.6,3.262
449.6,4049.8,3.204
449.8,4050,3.195
450,4050.2,3.161
450.2,4050.4,3.175
450.4,4050.6,3.161
450.6,4050.8,3.161
450.8,4051,3.156
451,4051.2,3.141
451.2,4051.4,3.156
451.4,4051.6,3.141
451.6,4051.8,3.045
451.8,4052,3.05
452,4052.2,3.05
452.2,4052.4,3.05
452.4,4052.6,3.026
452.6,4052.8,3.035
452.8,4053,3.064
453,4053.2,3.064
453.2,4053.4,3.069
453.4,4053.6,3.064
453.6,4053.8,3.069
453.8,4054,3.098
454,4054.2,3.069
454.2,4054.4,3.069
454.4,4054.6,3.031
454.6,4054.8,2.992
454.8,4055,2.992
455,4055.2,2.982
455.2,4055.4,2.973
455.4,4055.6,2.973
455.6,4055.8,2.867
455.8,4056,2.852
456,4056.2,2.842
456.2,4056.4,2.876
456.4,4056.6,2.905
456.6,4056.8,2.9
456.8,4057,2.929
457,4057.2,2.973
457.2,4057.4,3.031
457.4,4057.6,3.108
457.6,4057.8,3.185
457.8,4058,3.224
458,4058.2,3.233
458.2,4058.4,3.262
458.4,4058.6,3.301
458.6,4058.8,3.339
458.8,4059,3.354
459,4059.2,3.392
459.2,4059.4,3.358
459.4,4059.6,3.349
459.6,4059.8,3.329
459.8,4060,3.32
460,4060.2,3.301
460.2,4060.4,3.272
460.4,4060.6,3.253
460.6,4060.8,3.238
460.8,4061,3.214
461,4061.2,3.185
461.2,4061.4,3.161
461.4,4061.6,3.141
461.6,4061.8,3.103
461.8,4062,3.083
462,4062.2,3.079
462.2,4062.4,3.035
462.4,4062.6,3.011
462.6,4062.8,3.007
462.8,4063,2.953
463,4063.2,2.968
463.2,4063.4,3.069
463.4,4063.6,3.141
463.6,4063.8,3.083
463.8,4064,3.031
464,4064.2,2.968
464.2,4064.4,2.915
464.4,4064.6,2.867
464.6,4064.8,2.799
464.8,4065,2.77
465,4065.2,2.64
465.2,4065.4,2.596
465.4,4065.6,2.558
465.6,4065.8,2.519
465.8,4066,2.505
466,4066.2,2.481
466.2,4066.4,2.462
466.4,4066.6,2.418
466.6,4066.8,2.394
466.8,4067,2.355
467,4067.2,2.331
467.2,4067.4,2.317
467.4,4067.6,2.288
467.6,4067.8,2.278
467.8,4068,2.264
468,4068.2,2.249
468.2,4068.4,2.191
468.4,4068.6,2.143
468.6,4068.8,2.095
468.8,4069,2.076
469,4069.2,2.061
469.2,4069.4,2.056
469.4,4069.6,2.042
469.6,4069.8,2.022
469.8,4070,1.994
470,4070.2,1.97
470.2,4070.4,1.941
470.4,4070.6,1.917
470.6,4070.8,1.902
470.8,4071,1.868
471,4071.2,1.781
471.2,4071.4,1.772
471.4,4071.6,1.772
471.6,4071.8,1.767
471.8,4072,1.738
472,4072.2,1.719
472.2,4072.4,1.714
472.4,4072.6,1.695
472.6,4072.8,1.695
472.8,4073,1.699
473,4073.2,1.728
473.2,4073.4,1.801
473.4,4073.6,1.834
473.6,4073.8,1.801
473.8,4074,1.757
474,4074.2,1.738
474.2,4074.4,1.704
474.4,4074.6,1.671
474.6,4074.8,1.584
474.8,4075,1.579
475,4075.2,1.588
475.2,4075.4,1.559
475.4,4075.6,1.54
475.6,4075.8,1.521
475.8,4076,1.487
476,4076.2,1.429
476.2,4076.4,1.429
476.4,4076.6,1.405
476.6,4076.8,1.555
476.8,4077,1.396
477,4077.2,1.299
477.2,4077.4,1.27
477.4,4077.6,1.251
477.6,4077.8,1.183
477.8,4078,1.154
478,4078.2,1.116
478.2,4078.4,1.072
478.4,4078.6,1.024
478.6,4078.8,0.985
478.8,4079,0.947
479,4079.2,0.913
479.2,4079.4,0.841
479.4,4079.6,0.793
479.6,4079.8,0.749
479.8,4080,0.638
480,4080.2,0.634
480.2,4080.4,0.585
480.4,4080.6,0.537
480.6,4080.8,0.513
480.8,4081,0.469
481,4081.2,0.46
481.2,4081.4,0.426
481.4,4081.6,0.407
481.6,4081.8,0.363
481.8,4082,0.344
482,4082.2,0.296
482.2,4082.4,0.233
482.4,4082.6,0.18
482.6,4082.8,0.146
482.8,4083,0.103
483,4083.2,0.064
483.2,4083.4,0.026
483.4,4083.6,-0.018
483.6,4083.8,-0.071
483.8,4084,-0.095
484,4084.2,-0.143
484.2,4084.4,-0.191
484.4,4084.6,-0.215
484.6,4084.8,-0.177
484.8,4085,-0.298
485,4085.2,-0.341
485.2,4085.4,-0.379
485.4,4085.6,-0.423
485.6,4085.8,-0.461
485.8,4086,-0.49
486,4086.2,-0.519
486.2,4086.4,-0.553
486.4,4086.6,-0.592
486.6,4086.8,-0.625
486.8,4087,-0.659
487,4087.2,-0.693
487.2,4087.4,-0.732
487.4,4087.6,-0.76
487.6,4087.8,-0.794
487.8,4088,-0.828
488,4088.2,-0.871
488.2,4088.4,-0.905
488.4,4088.6,-0.929
488.6,4088.8,-0.968
488.8,4089,-1.002
489,4089.2,-1.035
489.2,4089.4,-1.064
489.4,4089.6,-1.093
489.6,4089.8,-1.117
489.8,4090,-1.137
490,4090.2,-1.175
490.2,4090.4,-1.204
490.4,4090.6,-1.233
490.6,4090.8,-1.272
490.8,4091,-1.291
491,4091.2,-1.33
491.2,4091.4,-1.364
491.4,4091.6,-1.392
491.6,4091.8,-1.416
491.8,4092,-1.445
492,4092.2,-1.479
492.2,4092.4,-1.508
492.4,4092.6,-1.537
492.6,4092.8,-1.581
492.8,4093,-1.609
493,4093.2,-1.638
493.2,4093.4,-1.672
493.4,4093.6,-1.701
493.6,4093.8,-1.725
493.8,4094,-1.749
494,4094.2,-1.783
494.2,4094.4,-1.802
494.4,4094.6,-1.797
494.6,4094.8,-1.855
494.8,4095,-1.865
495,4095.2,-1.956
495.2,4095.4,-2.048
495.4,4095.6,-2.164
495.6,4095.8,-2.275
495.8,4096,-2.352
496,4096.2,-2.444
496.2,4096.4,-2.41
496.4,4096.6,-2.555
496.6,4096.8,-2.637
496.8,4097,-2.728
497,4097.2,-2.883
497.2,4097.4,-2.738
497.4,4097.6,-2.926
497.6,4097.8,-2.969
497.8,4098,-2.941
498,4098.2,-3.022
498.2,4098.4,-2.96
498.4,4098.6,-3.018
498.6,4098.8,-2.989
498.8,4099,-2.989
499,4099.2,-2.974
499.2,4099.4,-3.037
499.4,4099.6,-2.95
499.6,4099.8,-2.917
499.8,4100,-2.854
500,4100.2,-2.757
500.2,4100.4,-2.752
500.4,4100.6,-2.747
500.6,4100.8,-2.714
500.8,4101,-2.68
501,4101.2,-2.622
501.2,4101.4,-2.579
501.4,4101.6,-2.434
501.6,4101.8,-2.415
501.8,4102,-2.372
502,4102.2,-2.328
502.2,4102.4,-2.333
502.4,4102.6,-2.294
502.6,4102.8,-2.256
502.8,4103,-2.227
503,4103.2,-2.207
503.2,4103.4,-2.169
503.4,4103.6,-2.154
503.6,4103.8,-2.126
503.8,4104,-2.077
504,4104.2,-2.092
504.2,4104.4,-2.058
504.4,4104.6,-2.034
504.6,4104.8,-1.99
504.8,4105,-2.019
505,4105.2,-1.985
505.2,4105.4,-1.932
505.4,4105.6,-1.928
505.6,4105.8,-1.908
505.8,4106,-1.904
506,4106.2,-1.889
506.2,4106.4,-1.851
506.4,4106.6,-1.812
506.6,4106.8,-1.812
506.8,4107,-1.802
507,4107.2,-1.793
507.2,4107.4,-1.802
507.4,4107.6,-1.764
507.6,4107.8,-1.754
507.8,4108,-1.715
508,4108.2,-1.672
508.2,4108.4,-1.638
508.4,4108.6,-1.619
508.6,4108.8,-1.585
508.8,4109,-1.556
509,4109.2,-1.527
509.2,4109.4,-1.484
509.4,4109.6,-1.469
509.6,4109.8,-1.46
509.8,4110,-1.426
510,4110.2,-1.373
510.2,4110.4,-1.368
510.4,4110.6,-1.339
510.6,4110.8,-1.31
510.8,4111,-1.277
511,4111.2,-1.252
511.2,4111.4,-1.219
511.4,4111.6,-1.194
511.6,4111.8,-1.175
511.8,4112,-1.141
512,4112.2,-1.113
512.2,4112.4,-1.084
512.4,4112.6,-1.05
512.6,4112.8,-1.026
512.8,4113,-1.006
513,4113.2,-0.977
513.2,4113.4,-0.939
513.4,4113.6,-0.915
513.6,4113.8,-0.891
513.8,4114,-0.871
514,4114.2,-0.843
514.2,4114.4,-0.814
514.4,4114.6,-0.785
514.6,4114.8,-0.756
514.8,4115,-0.736
515,4115.2,-0.712
515.2,4115.4,-0.698
515.4,4115.6,-0.659
515.6,4115.8,-0.64
515.8,4116,-0.621
516,4116.2,-0.698
516.2,4116.4,-0.597
516.4,4116.6,-0.582
516.6,4116.8,-0.553
516.8,4117,-0.548
517,4117.2,-0.519
517.2,4117.4,-0.5
517.4,4117.6,-0.476
517.6,4117.8,-0.461
517.8,4118,-0.437
518,4118.2,-0.437
518.2,4118.4,-0.418
518.4,4118.6,-0.389
518.6,4118.8,-0.375
518.8,4119,-0.148
519,4119.2,0.055
519.2,4119.4,0.257
519.4,4119.6,0.431
519.6,4119.8,0.595
519.8,4120,0.768
520,4120.2,0.937
520.2,4120.4,1.063
520.4,4120.6,1.222
520.6,4120.8,1.357
520.8,4121,1.497
521,4121.2,1.637
521.2,4121.4,1.767
521.4,4121.6,1.907
521.6,4121.8,1.965
521.8,4122,2.1
522,4122.2,2.216
522.2,4122.4,2.326
522.4,4122.6,2.437
522.6,4122.8,2.529
522.8,4123,2.645
523,4123.2,2.77
523.2,4123.4,2.867
523.4,4123.6,2.968
523.6,4123.8,3.045
523.8,4124,3.069
524,4124.2,3.224
524.2,4124.4,3.31
524.4,4124.6,3.402
524.6,4124.8,3.445
524.8,4125,3.513
525,4125.2,3.542
525.2,4125.4,3.614
525.4,4125.6,3.653
525.6,4125.8,3.716
525.8,4126,3.74
526,4126.2,3.754
526.2,4126.4,3.769
526.4,4126.6,3.802
526.6,4126.8,3.778
526.8,4127,3.822
527,4127.2,3.86
527.2,4127.4,3.889
527.4,4127.6,3.899
527.6,4127.8,3.87
527.8,4128,4.092
528,4128.2,4.429
528.2,4128.4,4.381
528.4,4128.6,4.526
528.6,4128.8,4.598
528.8,4129,4.844
529,4129.2,5.018
529.2,4129.4,5.215
529.4,4129.6,5.167
529.6,4129.8,5.109
529.8,4130,5.153
530,4130.2,5.254
530.2,4130.4,5.452
530.4,4130.6,6.199
530.6,4130.8,6.426
530.8,4131,6.46
531,4131.2,6.388
531.2,4131.4,6.228
531.4,4131.6,6.04
531.6,4131.8,5.809
531.8,4132,5.732
532,4132.2,5.886
532.2,4132.4,5.582
532.4,4132.6,5.355
532.6,4132.8,5.172
532.8,4133,4.955
533,4133.2,4.801
533.2,4133.4,4.656
533.4,4133.6,4.502
533.6,4133.8,4.116
533.8,4134,4.053
534,4134.2,3.947
534.2,4134.4,3.822
534.4,4134.6,3.653
534.6,4134.8,3.494
534.8,4135,3.329
535,4135.2,3.19
535.2,4135.4,3.05
535.4,4135.6,2.896
535.6,4135.8,2.77
535.8,4136,2.616
536,4136.2,2.481
536.2,4136.4,2.341
536.4,4136.6,2.182
536.6,4136.8,2.09
536.8,4137,1.979
537,4137.2,1.873
537.2,4137.4,1.762
537.4,4137.6,1.642
537.6,4137.8,1.545
537.8,4138,1.415
538,4138.2,1.309
538.2,4138.4,1.207
538.4,4138.6,1.111
538.6,4138.8,1.043
538.8,4139,0.952
539,4139.2,0.817
539.2,4139.4,0.715
539.4,4139.6,0.672
539.6,4139.8,0.561
539.8,4140,0.498
540,4140.2,0.416
540.2,4140.4,0.349
540.4,4140.6,0.272
540.6,4140.8,0.214
540.8,4141,0.156
541,4141.2,0.098
541.2,4141.4,0.04
541.4,4141.6,-0.013
541.6,4141.8,-0.071
541.8,4142,-0.133
542,4142.2,-0.191
542.2,4142.4,-0.249
542.4,4142.6,-0.307
542.6,4142.8,-0.37
542.8,4143,-0.418
543,4143.2,-0.471
543.2,4143.4,-0.524
543.4,4143.6,-0.558
543.6,4143.8,-0.606
543.8,4144,-0.654
544,4144.2,-0.707
544.2,4144.4,-0.756
544.4,4144.6,-0.799
544.6,4144.8,-0.847
544.8,4145,-0.876
545,4145.2,-0.915
545.2,4145.4,-0.963
545.4,4145.6,-1.011
545.6,4145.8,-1.045
545.8,4146,-1.089
546,4146.2,-1.122
546.2,4146.4,-1.161
546.4,4146.6,-1.199
546.6,4146.8,-1.233
546.8,4147,-1.262
547,4147.2,-1.301
547.2,4147.4,-1.33
547.4,4147.6,-1.368
547.6,4147.8,-1.402
547.8,4148,-1.426
548,4148.2,-1.455
548.2,4148.4,-1.484
548.4,4148.6,-1.527
548.6,4148.8,-1.547
548.8,4149,-1.581
549,4149.2,-1.6
549.2,4149.4,-1.634
549.4,4149.6,-1.658
549.6,4149.8,-1.686
549.8,4150,-1.711
550,4150.2,-1.735
550.2,4150.4,-1.764
550.4,4150.6,-1.793
550.6,4150.8,-1.807
550.8,4151,-1.836
551,4151.2,-1.87
551.2,4151.4,-1.875
551.4,4151.6,-1.899
551.6,4151.8,-1.923
551.8,4152,-1.913
552,4152.2,-1.961
552.2,4152.4,-1.932
552.4,4152.6,-2.01
552.6,4152.8,-2
552.8,4153,-2.048
553,4153.2,-2.145
553.2,4153.4,-2.169
553.4,4153.6,-2.246
553.6,4153.8,-2.333
553.8,4154,-2.391
554,4154.2,-2.453
554.2,4154.4,-2.511
554.4,4154.6,-2.569
554.6,4154.8,-2.598
554.8,4155,-2.646
555,4155.2,-2.738
555.2,4155.4,-2.791
555.4,4155.6,-2.815
555.6,4155.8,-2.796
555.8,4156,-2.781
556,4156.2,-2.936
556.2,4156.4,-2.936
556.4,4156.6,-2.969
556.6,4156.8,-2.955
556.8,4157,-2.969
557,4157.2,-2.993
557.2,4157.4,-3.042
557.4,4157.6,-3.027
557.6,4157.8,-3.047
557.8,4158,-3.08
558,4158.2,-3.032
558.2,4158.4,-3.032
558.4,4158.6,-3.018
558.6,4158.8,-2.979
558.8,4159,-2.96
559,4159.2,-2.965
559.2,4159.4,-2.955
559.4,4159.6,-2.912
559.6,4159.8,-2.897
559.8,4160,-2.863
560,4160.2,-2.815
560.2,4160.4,-2.791
560.4,4160.6,-2.747
560.6,4160.8,-2.723
560.8,4161,-2.709
561,4161.2,-2.704
561.2,4161.4,-2.738
561.4,4161.6,-2.719
561.6,4161.8,-2.699
561.8,4162,-2.608
562,4162.2,-2.564
562.2,4162.4,-2.584
562.4,4162.6,-2.617
562.6,4162.8,-2.608
562.8,4163,-2.584
563,4163.2,-2.613
563.2,4163.4,-2.579
563.4,4163.6,-2.574
563.6,4163.8,-2.564
563.8,4164,-2.584
564,4164.2,-2.55
564.2,4164.4,-2.545
564.4,4164.6,-2.511
564.6,4164.8,-2.506
564.8,4165,-2.54
565,4165.2,-2.531
565.2,4165.4,-2.535
565.4,4165.6,-2.482
565.6,4165.8,-2.55
565.8,4166,-2.487
566,4166.2,-2.531
566.2,4166.4,-2.506
566.4,4166.6,-2.511
566.6,4166.8,-2.521
566.8,4167,-2.531
567,4167.2,-2.526
567.2,4167.4,-2.516
567.4,4167.6,-2.506
567.6,4167.8,-2.511
567.8,4168,-2.506
568,4168.2,-2.531
568.2,4168.4,-2.545
568.4,4168.6,-2.506
568.6,4168.8,-2.564
568.8,4169,-2.579
569,4169.2,-2.603
569.2,4169.4,-2.613
569.4,4169.6,-2.714
569.6,4169.8,-2.646
569.8,4170,-2.603
570,4170.2,-2.685
570.2,4170.4,-2.68
570.4,4170.6,-2.69
570.6,4170.8,-2.675
570.8,4171,-2.728
571,4171.2,-2.714
571.2,4171.4,-2.699
571.4,4171.6,-2.704
571.6,4171.8,-2.738
571.8,4172,-2.738
572,4172.2,-2.752
572.2,4172.4,-2.796
572.4,4172.6,-2.82
572.6,4172.8,-2.839
572.8,4173,-2.834
573,4173.2,-2.83
573.2,4173.4,-2.834
573.4,4173.6,-2.859
573.6,4173.8,-2.873
573.8,4174,-2.883
574,4174.2,-2.878
574.2,4174.4,-2.917
574.4,4174.6,-2.912
574.6,4174.8,-2.926
574.8,4175,-2.931
575,4175.2,-2.95
575.2,4175.4,-2.941
575.4,4175.6,-2.936
575.6,4175.8,-2.95
575.8,4176,-2.921
576,4176.2,-2.931
576.2,4176.4,-2.95
576.4,4176.6,-2.984
576.6,4176.8,-2.95
576.8,4177,-2.907
577,4177.2,-2.844
577.2,4177.4,-2.815
577.4,4177.6,-2.776
577.6,4177.8,-2.81
577.8,4178,-2.743
578,4178.2,-2.738
578.2,4178.4,-2.757
578.4,4178.6,-2.728
578.6,4178.8,-2.738
578.8,4179,-2.709
579,4179.2,-2.651
579.2,4179.4,-2.642
579.4,4179.6,-2.69
579.6,4179.8,-2.709
579.8,4180,-2.68
580,4180.2,-2.574
580.2,4180.4,-2.579
580.4,4180.6,-2.598
580.6,4180.8,-2.574
580.8,4181,-2.569
581,4181.2,-2.584
581.2,4181.4,-2.555
581.4,4181.6,-2.506
581.6,4181.8,-2.444
581.8,4182,-2.391
582,4182.2,-2.357
582.2,4182.4,-2.372
582.4,4182.6,-2.347
582.6,4182.8,-2.372
582.8,4183,-2.41
583,4183.2,-2.372
583.2,4183.4,-2.333
583.4,4183.6,-2.343
583.6,4183.8,-2.386
583.8,4184,-2.241
584,4184.2,-2.333
584.2,4184.4,-2.217
584.4,4184.6,-2.323
584.6,4184.8,-2.401
584.8,4185,-2.405
585,4185.2,-2.347
585.2,4185.4,-2.372
585.4,4185.6,-2.372
585.6,4185.8,-2.434
585.8,4186,-2.367
586,4186.2,-2.314
586.2,4186.4,-2.304
586.4,4186.6,-2.154
586.6,4186.8,-2.145
586.8,4187,-2.097
587,4187.2,-2.207
587.2,4187.4,-2.198
587.4,4187.6,-2.26
587.6,4187.8,-2.207
587.8,4188,-2.251
588,4188.2,-2.265
588.2,4188.4,-2.289
588.4,4188.6,-1.976
588.6,4188.8,-2.169
588.8,4189,-2.082
589,4189.2,-1.995
589.2,4189.4,-1.923
589.4,4189.6,-1.937
589.6,4189.8,-1.961
589.8,4190,-1.913
590,4190.2,-1.937
590.2,4190.4,-1.899
590.4,4190.6,-1.928
590.6,4190.8,-1.908
590.8,4191,-1.908
591,4191.2,-1.908
591.2,4191.4,-1.894
591.4,4191.6,-1.865
591.6,4191.8,-1.855
591.8,4192,-1.836
592,4192.2,-1.846
592.2,4192.4,-1.865
592.4,4192.6,-1.865
592.6,4192.8,-1.86
592.8,4193,-1.841
593,4193.2,-1.831
593.2,4193.4,-1.826
593.4,4193.6,-1.831
593.6,4193.8,-1.841
593.8,4194,-1.826
594,4194.2,-1.812
594.2,4194.4,-1.812
594.4,4194.6,-1.802
594.6,4194.8,-1.802
594.8,4195,-1.797
595,4195.2,-1.788
595.2,4195.4,-1.788
595.4,4195.6,-1.764
595.6,4195.8,-1.754
595.8,4196,-1.744
596,4196.2,-1.735
596.2,4196.4,-1.715
596.4,4196.6,-1.711
596.6,4196.8,-1.706
596.8,4197,-1.696
597,4197.2,-1.686
597.2,4197.4,-1.677
597.4,4197.6,-1.672
597.6,4197.8,-1.667
597.8,4198,-1.658
598,4198.2,-1.648
598.2,4198.4,-1.638
598.4,4198.6,-1.624
598.6,4198.8,-1.619
598.8,4199,-1.609
599,4199.2,-1.6
599.2,4199.4,-1.605
599.4,4199.6,-1.6
599.6,4199.8,-1.585
599.8,4200,-1.571
600,4200.2,-1.571
600.2,4200.4,-1.561
600.4,4200.6,-1.547
600.6,4200.8,-1.542
600.8,4201,-1.527
601,4201.2,-1.518
601.2,4201.4,-1.508
601.4,4201.6,-1.494
601.6,4201.8,-1.489
601.8,4202,-1.489
602,4202.2,-1.479
602.2,4202.4,-1.465
602.4,4202.6,-1.45
602.6,4202.8,-1.445
602.8,4203,-1.426
603,4203.2,-1.416
603.2,4203.4,-1.407
603.4,4203.6,-1.392
603.6,4203.8,-1.388
603.8,4204,-1.368
604,4204.2,-1.354
604.2,4204.4,-1.344
604.4,4204.6,-1.335
604.6,4204.8,-1.32
604.8,4205,-1.31
605,4205.2,-1.296
605.2,4205.4,-1.281
605.4,4205.6,-1.272
605.6,4205.8,-1.252
605.8,4206,-1.238
606,4206.2,-1.233
606.2,4206.4,-1.219
606.4,4206.6,-1.199
606.6,4206.8,-1.19
606.8,4207,-1.175
607,4207.2,-1.161
607.2,4207.4,-1.151
607.4,4207.6,-1.127
607.6,4207.8,-1.108
607.8,4208,-1.098
608,4208.2,-1.074
608.2,4208.4,-1.05
608.4,4208.6,-1.031
608.6,4208.8,-1.021
608.8,4209,-0.992
609,4209.2,-0.973
609.2,4209.4,-0.944
609.4,4209.6,-0.929
609.6,4209.8,-0.91
609.8,4210,-0.891
610,4210.2,-0.886
610.2,4210.4,-0.867
610.4,4210.6,-0.852
610.6,4210.8,-0.838
610.8,4211,-0.886
611,4211.2,-0.838
611.2,4211.4,-0.823
611.4,4211.6,-0.809
611.6,4211.8,-0.78
611.8,4212,-0.76
612,4212.2,-0.736
612.2,4212.4,-0.722
612.4,4212.6,-0.707
612.6,4212.8,-0.683
612.8,4213,-0.674
613,4213.2,-0.64
613.2,4213.4,-0.616
613.4,4213.6,-0.606
613.6,4213.8,-0.587
613.8,4214,-0.563
614,4214.2,-0.544
614.2,4214.4,-0.539
614.4,4214.6,-0.519
614.6,4214.8,-0.519
614.8,4215,-0.5
615,4215.2,-0.476
615.2,4215.4,-0.447
615.4,4215.6,-0.428
615.6,4215.8,-0.418
615.8,4216,-0.394
616,4216.2,-0.37
616.2,4216.4,-0.355
616.4,4216.6,-0.336
616.6,4216.8,-0.312
616.8,4217,-0.278
617,4217.2,-0.264
617.2,4217.4,-0.244
617.4,4217.6,-0.244
617.6,4217.8,-0.211
617.8,4218,-0.196
618,4218.2,-0.191
618.2,4218.4,-0.191
618.4,4218.6,-0.182
618.6,4218.8,-0.177
618.8,4219,-0.157
619,4219.2,-0.153
619.2,4219.4,-0.148
619.4,4219.6,-0.129
619.6,4219.8,-0.143
619.8,4220,-0.114
620,4220.2,-0.119
620.2,4220.4,-0.114
620.4,4220.6,-0.114
620.6,4220.8,-0.109
620.8,4221,-0.1
621,4221.2,-0.085
621.2,4221.4,-0.076
621.4,4221.6,-0.076
621.6,4221.8,-0.056
621.8,4222,-0.047
622,4222.2,-0.042
622.2,4222.4,-0.037
622.4,4222.6,-0.037
622.6,4222.8,-0.023
622.8,4223,-0.013
623,4223.2,-0.008
623.2,4223.4,-0.013
623.4,4223.6,-0.008
623.6,4223.8,-0.008
623.8,4224,0.006
624,4224.2,0.011
624.2,4224.4,0.002
624.4,4224.6,0.002
624.6,4224.8,-0.003
624.8,4225,-0.003
625,4225.2,0.002
625.2,4225.4,-0.003
625.4,4225.6,-0.003
625.6,4225.8,0.002
625.8,4226,-0.008
626,4226.2,-0.018
626.2,4226.4,-0.018
626.4,4226.6,-0.027
626.6,4226.8,-0.027
626.8,4227,-0.027
627,4227.2,-0.037
627.2,4227.4,-0.042
627.4,4227.6,-0.052
627.6,4227.8,-0.061
627.8,4228,-0.061
628,4228.2,-0.061
628.2,4228.4,-0.066
628.4,4228.6,-0.066
628.6,4228.8,-0.08
628.8,4229,-0.08
629,4229.2,-0.08
629.2,4229.4,-0.09
629.4,4229.6,-0.09
629.6,4229.8,-0.095
629.8,4230,-0.104
630,4230.2,-0.109
630.2,4230.4,-0.104
630.4,4230.6,-0.124
630.6,4230.8,-0.129
630.8,4231,-0.129
631,4231.2,-0.138
631.2,4231.4,-0.138
631.4,4231.6,-0.143
631.6,4231.8,-0.153
631.8,4232,-0.162
632,4232.2,-0.172
632.2,4232.4,-0.182
632.4,4232.6,-0.191
632.6,4232.8,-0.191
632.8,4233,-0.215
633,4233.2,-0.211
633.2,4233.4,-0.235
633.4,4233.6,-0.235
633.6,4233.8,-0.24
633.8,4234,-0.259
634,4234.2,-0.269
634.2,4234.4,-0.283
634.4,4234.6,-0.298
634.6,4234.8,-0.293
634.8,4235,-0.307
635,4235.2,-0.317
635.2,4235.4,-0.346
635.4,4235.6,-0.36
635.6,4235.8,-0.375
635.8,4236,-0.375
636,4236.2,-0.389
636.2,4236.4,-0.399
636.4,4236.6,-0.408
636.6,4236.8,-0.413
636.8,4237,-0.423
637,4237.2,-0.428
637.2,4237.4,-0.437
637.4,4237.6,-0.447
637.6,4237.8,-0.466
637.8,4238,-0.476
638,4238.2,-0.495
638.2,4238.4,-0.519
638.4,4238.6,-0.534
638.6,4238.8,-0.544
638.8,4239,-0.563
639,4239.2,-0.577
639.2,4239.4,-0.621
639.4,4239.6,-0.64
639.6,4239.8,-0.669
639.8,4240,-0.678
640,4240.2,-0.693
640.2,4240.4,-0.712
640.4,4240.6,-0.717
640.6,4240.8,-0.732
640.8,4241,-0.746
641,4241.2,-0.756
641.2,4241.4,-0.775
641.4,4241.6,-0.794
641.6,4241.8,-0.809
641.8,4242,-0.828
642,4242.2,-0.838
642.2,4242.4,-0.852
642.4,4242.6,-0.862
642.6,4242.8,-0.867
642.8,4243,-0.876
643,4243.2,-0.876
643.2,4243.4,-0.843
643.4,4243.6,-0.789
643.6,4243.8,-0.847
643.8,4244,-0.857
644,4244.2,-0.871
644.2,4244.4,-0.886
644.4,4244.6,-0.895
644.6,4244.8,-0.91
644.8,4245,-0.91
645,4245.2,-0.919
645.2,4245.4,-0.929
645.4,4245.6,-0.934
645.6,4245.8,-0.944
645.8,4246,-0.968
646,4246.2,-0.968
646.2,4246.4,-0.963
646.4,4246.6,-0.963
646.6,4246.8,-0.968
646.8,4247,-0.968
647,4247.2,-0.977
647.2,4247.4,-0.977
647.4,4247.6,-0.977
647.6,4247.8,-0.982
647.8,4248,-0.982
648,4248.2,-0.987
648.2,4248.4,-0.987
648.4,4248.6,-0.992
648.6,4248.8,-0.992
648.8,4249,-0.992
649,4249.2,-0.992
649.2,4249.4,-1.006
649.4,4249.6,-1.006
649.6,4249.8,-1.006
649.8,4250,-1.006
650,4250.2,-1.011
650.2,4250.4,-1.011
650.4,4250.6,-1.011
650.6,4250.8,-1.016
650.8,4251,-1.016
651,4251.2,-1.016
651.2,4251.4,-1.021
651.4,4251.6,-1.021
651.6,4251.8,-1.031
651.8,4252,-1.026
652,4252.2,-1.031
652.2,4252.4,-1.026
652.4,4252.6,-1.035
652.6,4252.8,-1.04
652.8,4253,-1.035
653,4253.2,-1.035
653.2,4253.4,-1.026
653.4,4253.6,-1.031
653.6,4253.8,-1.031
653.8,4254,-1.031
654,4254.2,-1.026
654.2,4254.4,-1.021
654.4,4254.6,-1.026
654.6,4254.8,-1.021
654.8,4255,-1.031
655,4255.2,-1.021
655.2,4255.4,-1.026
655.4,4255.6,-1.031
655.6,4255.8,-1.035
655.8,4256,-1.04
656,4256.2,-1.04
656.2,4256.4,-1.04
656.4,4256.6,-1.031
656.6,4256.8,-1.04
656.8,4257,-1.045
657,4257.2,-1.035
657.2,4257.4,-1.035
657.4,4257.6,-1.04
657.6,4257.8,-1.04
657.8,4258,-1.031
658,4258.2,-1.021
658.2,4258.4,-1.016
658.4,4258.6,-1.021
658.6,4258.8,-1.016
658.8,4259,-1.016
659,4259.2,-1.021
659.2,4259.4,-1.016
659.4,4259.6,-1.011
659.6,4259.8,-1.011
659.8,4260,-1.002
660,4260.2,-0.992
660.2,4260.4,-0.982
660.4,4260.6,-0.977
660.6,4260.8,-0.973
660.8,4261,-0.968
661,4261.2,-0.963
661.2,4261.4,-0.944
661.4,4261.6,-0.939
661.6,4261.8,-0.924
661.8,4262,-0.915
662,4262.2,-0.91
662.2,4262.4,-0.891
662.4,4262.6,-0.881
662.6,4262.8,-0.862
662.8,4263,-0.852
663,4263.2,-0.847
663.2,4263.4,-0.833
663.4,4263.6,-0.823
663.6,4263.8,-0.809
663.8,4264,-0.794
664,4264.2,-0.78
664.2,4264.4,-0.765
664.4,4264.6,-0.756
664.6,4264.8,-0.746
664.8,4265,-0.732
665,4265.2,-0.722
665.2,4265.4,-0.712
665.4,4265.6,-0.698
665.6,4265.8,-0.688
665.8,4266,-0.678
666,4266.2,-0.659
666.2,4266.4,-0.64
666.4,4266.6,-0.63
666.6,4266.8,-0.616
666.8,4267,-0.592
667,4267.2,-0.577
667.2,4267.4,-0.553
667.4,4267.6,-0.544
667.6,4267.8,-0.534
667.8,4268,-0.519
668,4268.2,-0.51
668.2,4268.4,-0.49
668.4,4268.6,-0.481
668.6,4268.8,-0.466
668.8,4269,-0.457
669,4269.2,-0.442
669.2,4269.4,-0.423
669.4,4269.6,-0.413
669.6,4269.8,-0.403
669.8,4270,-0.389
670,4270.2,-0.389
670.2,4270.4,-0.375
670.4,4270.6,-0.365
670.6,4270.8,-0.36
670.8,4271,-0.331
671,4271.2,-0.326
671.2,4271.4,-0.312
671.4,4271.6,-0.302
671.6,4271.8,-0.288
671.8,4272,-0.273
672,4272.2,-0.254
672.2,4272.4,-0.273
672.4,4272.6,-0.249
672.6,4272.8,-0.254
672.8,4273,-0.244
673,4273.2,-0.235
673.2,4273.4,-0.211
673.4,4273.6,-0.201
673.6,4273.8,-0.182
673.8,4274,-0.172
674,4274.2,-0.157
674.2,4274.4,-0.148
674.4,4274.6,-0.143
674.6,4274.8,-0.133
674.8,4275,-0.119
675,4275.2,-0.114
675.2,4275.4,-0.104
675.4,4275.6,-0.095
675.6,4275.8,-0.085
675.8,4276,-0.076
676,4276.2,-0.066
676.2,4276.4,-0.056
676.4,4276.6,-0.047
676.6,4276.8,-0.037
676.8,4277,-0.037
677,4277.2,-0.027
677.2,4277.4,-0.023
677.4,4277.6,-0.018
677.6,4277.8,-0.018
677.8,4278,-0.013
678,4278.2,-0.013
678.2,4278.4,-0.008
678.4,4278.6,-0.008
678.6,4278.8,-0.008
678.8,4279,-0.008
679,4279.2,-0.013
679.2,4279.4,-0.013
679.4,4279.6,-0.018
679.6,4279.8,-0.027
679.8,4280,-0.037
680,4280.2,-0.023
680.2,4280.4,-0.037
680.4,4280.6,-0.052
680.6,4280.8,-0.061
680.8,4281,-0.085
681,4281.2,-0.124
681.2,4281.4,-0.124
681.4,4281.6,-0.148
681.6,4281.8,-0.153
681.8,4282,-0.162
682,4282.2,-0.177
682.2,4282.4,-0.191
682.4,4282.6,-0.211
682.6,4282.8,-0.235
682.8,4283,-0.254
683,4283.2,-0.283
683.2,4283.4,-0.302
683.4,4283.6,-0.225
683.6,4283.8,-0.283
683.8,4284,-0.312
684,4284.2,-0.326
684.2,4284.4,-0.312
684.4,4284.6,-0.351
684.6,4284.8,-0.375
684.8,4285,-0.384
685,4285.2,-0.351
685.2,4285.4,-0.375
685.4,4285.6,-0.408
685.6,4285.8,-0.437
685.8,4286,-0.461
686,4286.2,-0.481
686.2,4286.4,-0.51
686.4,4286.6,-0.529
686.6,4286.8,-0.544
686.8,4287,-0.582
687,4287.2,-0.601
687.2,4287.4,-0.621
687.4,4287.6,-0.64
687.6,4287.8,-0.664
687.8,4288,-0.678
688,4288.2,-0.698
688.2,4288.4,-0.722
688.4,4288.6,-0.732
688.6,4288.8,-0.751
688.8,4289,-0.76
689,4289.2,-0.765
689.2,4289.4,-0.77
689.4,4289.6,-0.789
689.6,4289.8,-0.799
689.8,4290,-0.809
690,4290.2,-0.823
690.2,4290.4,-0.833
690.4,4290.6,-0.852
690.6,4290.8,-0.867
690.8,4291,-0.867
691,4291.2,-0.881
691.2,4291.4,-0.895
691.4,4291.6,-0.905
691.6,4291.8,-0.924
691.8,4292,-0.944
692,4292.2,-0.968
692.2,4292.4,-0.982
692.4,4292.6,-0.987
692.6,4292.8,-1.011
692.8,4293,-1.026
693,4293.2,-1.035
693.2,4293.4,-1.06
693.4,4293.6,-1.079
693.6,4293.8,-1.084
693.8,4294,-1.103
694,4294.2,-1.122
694.2,4294.4,-1.132
694.4,4294.6,-1.141
694.6,4294.8,-1.161
694.8,4295,-1.175
695,4295.2,-1.19
695.2,4295.4,-1.204
695.4,4295.6,-1.219
695.6,4295.8,-1.233
695.8,4296,-1.233
696,4296.2,-1.252
696.2,4296.4,-1.257
696.4,4296.6,-1.267
696.6,4296.8,-1.286
696.8,4297,-1.301
697,4297.2,-1.31
697.2,4297.4,-1.33
697.4,4297.6,-1.33
697.6,4297.8,-1.344
697.8,4298,-1.388
698,4298.2,-1.359
698.2,4298.4,-1.373
698.4,4298.6,-1.388
698.6,4298.8,-1.392
698.8,4299,-1.407
699,4299.2,-1.32
699.2,4299.4,-1.315
699.4,4299.6,-1.349
699.6,4299.8,-1.368
699.8,4300,-1.392
700,4300.2,-1.397
700.2,4300.4,-1.412
700.4,4300.6,-1.431
700.6,4300.8,-1.445
700.8,4301,-1.46
701,4301.2,-1.479
701.2,4301.4,-1.494
701.4,4301.6,-1.508
701.6,4301.8,-1.532
701.8,4302,-1.552
702,4302.2,-1.576
702.2,4302.4,-1.59
702.4,4302.6,-1.6
702.6,4302.8,-1.826
702.8,4303,-1.595
703,4303.2,-1.581
703.2,4303.4,-1.581
703.4,4303.6,-1.581
703.6,4303.8,-1.595
703.8,4304,-1.6
704,4304.2,-1.605
704.2,4304.4,-1.605
704.4,4304.6,-1.624
704.6,4304.8,-1.619
704.8,4305,-1.595
705,4305.2,-1.585
705.2,4305.4,-1.6
705.4,4305.6,-1.552
705.6,4305.8,-1.527
705.8,4306,-1.503
706,4306.2,-1.469
706.2,4306.4,-1.46
706.4,4306.6,-1.436
706.6,4306.8,-1.421
706.8,4307,-1.407
707,4307.2,-1.373
707.2,4307.4,-1.349
707.4,4307.6,-1.315
707.6,4307.8,-1.286
707.8,4308,-1.262
708,4308.2,-1.238
708.2,4308.4,-1.214
708.4,4308.6,-1.19
708.6,4308.8,-1.151
708.8,4309,-1.117
709,4309.2,-1.098
709.2,4309.4,-1.069
709.4,4309.6,-1.04
709.6,4309.8,-1.006
709.8,4310,-0.982
710,4310.2,-0.929
710.2,4310.4,-0.891
710.4,4310.6,-0.862
710.6,4310.8,-0.828
710.8,4311,-0.78
711,4311.2,-0.736
711.2,4311.4,-0.703
711.4,4311.6,-0.654
711.6,4311.8,-0.616
711.8,4312,-0.577
712,4312.2,-0.524
712.2,4312.4,-0.476
712.4,4312.6,-0.418
712.6,4312.8,-0.384
712.8,4313,-0.317
713,4313.2,-0.244
713.2,4313.4,-0.186
713.4,4313.6,-0.129
713.6,4313.8,-0.071
713.8,4314,-0.013
714,4314.2,0.04
714.2,4314.4,0.103
714.4,4314.6,0.161
714.6,4314.8,0.228
714.8,4315,0.32
715,4315.2,0.388
715.2,4315.4,0.45
715.4,4315.6,0.532
715.6,4315.8,0.614
715.8,4316,0.701
716,4316.2,0.788
716.2,4316.4,0.88
716.4,4316.6,0.985
716.6,4316.8,1.092
716.8,4317,1.207
717,4317.2,1.299
717.2,4317.4,1.41
717.4,4317.6,1.506
717.6,4317.8,1.637
717.8,4318,1.757
718,4318.2,1.854
718.2,4318.4,1.96
718.4,4318.6,2.061
718.6,4318.8,2.211
718.8,4319,2.341
719,4319.2,2.466
719.2,4319.4,2.616
719.4,4319.6,2.761
719.6,4319.8,2.867
719.8,4320,2.992
720,4320.2,3.122
720.2,4320.4,3.195
720.4,4320.6,3.301
720.6,4320.8,3.301
720.8,4321,3.349
721,4321.2,3.392
721.2,4321.4,3.436
721.4,4321.6,3.484
721.6,4321.8,3.527
721.8,4322,3.571
722,4322.2,3.609
722.2,4322.4,3.653
722.4,4322.6,3.696
722.6,4322.8,3.754
722.8,4323,3.822
723,4323.2,3.908
723.2,4323.4,3.976
723.4,4323.6,4.053
723.6,4323.8,4.096
723.8,4324,4.145
724,4324.2,4.174
724.2,4324.4,4.222
724.4,4324.6,4.285
724.6,4324.8,4.241
724.8,4325,4.261
725,4325.2,4.246
725.2,4325.4,4.333
725.4,4325.6,4.323
725.6,4325.8,4.294
725.8,4326,4.246
726,4326.2,4.183
726.2,4326.4,4.145
726.4,4326.6,4.087
726.6,4326.8,3.961
726.8,4327,3.86
727,4327.2,3.793
727.2,4327.4,3.691
727.4,4327.6,3.561
727.6,4327.8,3.397
727.8,4328,3.296
728,4328.2,3.146
728.2,4328.4,2.973
728.4,4328.6,2.818
728.6,4328.8,2.621
728.8,4329,2.442
729,4329.2,2.24
729.2,4329.4,2.037
729.4,4329.6,1.834
729.6,4329.8,1.617
729.8,4330,1.396
730,4330.2,1.169
730.2,4330.4,0.923
730.4,4330.6,0.691
730.6,4330.8,0.426
730.8,4331,0.132
731,4331.2,-0.182
731.2,4331.4,-0.432
731.4,4331.6,-0.466
731.6,4331.8,-0.486
731.8,4332,-0.519
732,4332.2,-0.548
732.2,4332.4,-0.582
732.4,4332.6,-0.616
732.6,4332.8,-0.659
732.8,4333,-0.703
733,4333.2,-2.41
733.2,4333.4,-1.238
733.4,4333.6,-1.19
733.6,4333.8,-1.098
733.8,4334,-1.474
734,4334.2,-1.05
734.2,4334.4,-1.06
734.4,4334.6,-1.06
734.6,4334.8,-1.069
734.8,4335,-1.06
735,4335.2,-1.06
735.2,4335.4,-1.069
735.4,4335.6,-1.074
735.6,4335.8,-1.064
735.8,4336,-1.079
736,4336.2,-1.084
736.2,4336.4,-1.064
736.4,4336.6,-1.069
736.6,4336.8,-1.084
736.8,4337,-1.064
737,4337.2,-1.079
737.2,4337.4,-1.117
737.4,4337.6,-1.098
737.6,4337.8,-1.108
737.8,4338,-1.069
738,4338.2,-1.122
738.2,4338.4,-1.103
738.4,4338.6,-1.103
738.6,4338.8,-1.141
738.8,4339,-1.122
739,4339.2,-1.137
739.2,4339.4,-1.17
739.4,4339.6,-1.156
739.6,4339.8,-1.185
739.8,4340,-1.223
740,4340.2,-1.277
740.2,4340.4,-1.33
740.4,4340.6,-1.416
740.6,4340.8,-1.508
740.8,4341,-1.624
741,4341.2,-1.749
741.2,4341.4,-1.826
741.4,4341.6,-1.826
741.6,4341.8,-1.826
741.8,4342,-1.749
742,4342.2,-1.754
742.2,4342.4,-1.711
742.4,4342.6,-1.658
742.6,4342.8,-1.581
742.8,4343,-1.489
743,4343.2,-1.349
743.2,4343.4,-1.277
743.4,4343.6,-1.146
743.6,4343.8,-1.146
743.8,4344,-1.117
744,4344.2,-1.093
744.2,4344.4,-1.064
744.4,4344.6,-1.04
744.6,4344.8,-1.016
744.8,4345,-0.992
745,4345.2,-0.968
745.2,4345.4,-0.939
745.4,4345.6,-0.915
745.6,4345.8,-0.891
745.8,4346,-0.876
746,4346.2,-0.857
746.2,4346.4,-0.847
746.4,4346.6,-0.833
746.6,4346.8,-0.828
746.8,4347,-0.818
747,4347.2,-0.804
747.2,4347.4,-0.794
747.4,4347.6,-0.78
747.6,4347.8,-0.756
747.8,4348,-0.741
748,4348.2,-0.722
748.2,4348.4,-0.707
748.4,4348.6,-0.683
748.6,4348.8,-0.664
748.8,4349,-0.645
749,4349.2,-0.63
749.2,4349.4,-0.606
749.4,4349.6,-0.582
749.6,4349.8,-0.563
749.8,4350,-0.553
750,4350.2,-0.524
750.2,4350.4,-0.471
750.4,4350.6,-0.408
750.6,4350.8,-0.351
750.8,4351,-0.322
751,4351.2,-0.22
751.2,4351.4,-0.129
751.4,4351.6,-0.076
751.6,4351.8,0.055
751.8,4352,0.146
752,4352.2,0.247
752.2,4352.4,0.354
752.4,4352.6,0.407
752.6,4352.8,0.426
752.8,4353,0.445
753,4353.2,0.474
753.2,4353.4,0.479
753.4,4353.6,0.518
753.6,4353.8,0.551
753.8,4354,0.58
754,4354.2,0.634
754.2,4354.4,0.682
754.4,4354.6,0.744
754.6,4354.8,0.807
754.8,4355,0.855
755,4355.2,0.894
755.2,4355.4,0.981
755.4,4355.6,1.043
755.6,4355.8,1.101
755.8,4356,1.164
756,4356.2,1.217
756.2,4356.4,1.27
756.4,4356.6,1.362
756.6,4356.8,1.453
756.8,4357,1.487
757,4357.2,1.53
757.2,4357.4,1.564
757.4,4357.6,1.617
757.6,4357.8,1.661
757.8,4358,1.661
758,4358.2,1.68
758.2,4358.4,1.68
758.4,4358.6,1.728
758.6,4358.8,1.733
758.8,4359,1.699
759,4359.2,1.738
759.2,4359.4,1.719
759.4,4359.6,1.699
759.6,4359.8,1.675
759.8,4360,1.637
760,4360.2,1.603
760.2,4360.4,1.564
760.4,4360.6,1.526
760.6,4360.8,1.482
760.8,4361,1.429
761,4361.2,1.371
761.2,4361.4,1.304
761.4,4361.6,1.236
761.6,4361.8,1.14
761.8,4362,1.053
762,4362.2,0.942
762.2,4362.4,0.807
762.4,4362.6,0.629
762.6,4362.8,0.445
762.8,4363,0.19
763,4363.2,0.127
763.2,4363.4,0.127
763.4,4363.6,0.127
763.6,4363.8,0.132
763.8,4364,0.127
764,4364.2,0.132
764.2,4364.4,0.127
764.4,4364.6,0.127
764.6,4364.8,0.122
764.8,4365,0.127
765,4365.2,0.117
765.2,4365.4,0.113
765.4,4365.6,0.113
765.6,4365.8,0.113
765.8,4366,0.098
766,4366.2,0.089
766.2,4366.4,0.069
766.4,4366.6,0.06
766.6,4366.8,0.04
766.8,4367,0.016
767,4367.2,-0.008
767.2,4367.4,-0.027
767.4,4367.6,-0.056
767.6,4367.8,-0.08
767.8,4368,-0.104
768,4368.2,-0.129
768.2,4368.4,-0.143
768.4,4368.6,-0.177
768.6,4368.8,-0.172
768.8,4369,-0.191
769,4369.2,-0.211
769.2,4369.4,-0.215
769.4,4369.6,-0.269
769.6,4369.8,-0.273
769.8,4370,-0.346
770,4370.2,-0.336
770.2,4370.4,-0.312
770.4,4370.6,-0.312
770.6,4370.8,-0.375
770.8,4371,-0.375
771,4371.2,-0.389
771.2,4371.4,-0.389
771.4,4371.6,-0.418
771.6,4371.8,-0.423
771.8,4372,-0.437
772,4372.2,-0.447
772.2,4372.4,-0.471
772.4,4372.6,-0.476
772.6,4372.8,-0.534
772.8,4373,-0.563
773,4373.2,-0.597
773.2,4373.4,-0.654
773.4,4373.6,-0.707
773.6,4373.8,-0.775
773.8,4374,-0.852
774,4374.2,-0.953
774.2,4374.4,-1.031
774.4,4374.6,-1.132
774.6,4374.8,-1.243
774.8,4375,-1.32
775,4375.2,-1.378
775.2,4375.4,-1.45
775.4,4375.6,-1.445
775.6,4375.8,-1.465
775.8,4376,-1.465
776,4376.2,-1.484
776.2,4376.4,-2.024
776.4,4376.6,-1.445
776.6,4376.8,-1.426
776.8,4377,-1.388
777,4377.2,-1.335
777.2,4377.4,-1.252
777.4,4377.6,-1.079
777.6,4377.8,-1.002
777.8,4378,-1.016
778,4378.2,-1.035
778.2,4378.4,-1.035
778.4,4378.6,-1.026
778.6,4378.8,-1.021
778.8,4379,-1.04
779,4379.2,-1.026
779.2,4379.4,-1.021
779.4,4379.6,-1.011
779.6,4379.8,-0.997
779.8,4380,-0.987
780,4380.2,-0.982
780.2,4380.4,-0.973
780.4,4380.6,-0.963
780.6,4380.8,-0.944
780.8,4381,-0.939
781,4381.2,-0.939
781.2,4381.4,-0.934
781.4,4381.6,-0.934
781.6,4381.8,-0.929
781.8,4382,-0.929
782,4382.2,-0.929
782.2,4382.4,-0.929
782.4,4382.6,-0.929
782.6,4382.8,-0.924
782.8,4383,-0.924
783,4383.2,-0.919
783.2,4383.4,-0.915
783.4,4383.6,-0.905
783.6,4383.8,-0.9
783.8,4384,-0.891
784,4384.2,-0.881
784.2,4384.4,-0.867
784.4,4384.6,-0.852
784.6,4384.8,-0.843
784.8,4385,-0.823
785,4385.2,-0.809
785.2,4385.4,-0.789
785.4,4385.6,-0.76
785.6,4385.8,-0.732
785.8,4386,-0.698
786,4386.2,-0.659
786.2,4386.4,-0.621
786.4,4386.6,-0.582
786.6,4386.8,-0.539
786.8,4387,-0.481
787,4387.2,-0.432
787.2,4387.4,-0.394
787.4,4387.6,-0.365
787.6,4387.8,-0.269
787.8,4388,-0.191
788,4388.2,-0.133
788.2,4388.4,-0.037
788.4,4388.6,0.026
788.6,4388.8,0.137
788.8,4389,0.228
789,4389.2,0.31
789.2,4389.4,0.368
789.4,4389.6,0.392
789.6,4389.8,0.407
789.8,4390,0.445
790,4390.2,0.455
790.2,4390.4,0.484
790.4,4390.6,0.522
790.6,4390.8,0.556
790.8,4391,0.566
791,4391.2,0.609
791.2,4391.4,0.658
791.4,4391.6,0.715
791.6,4391.8,0.768
791.8,4392,0.817
792,4392.2,0.875
792.2,4392.4,0.952
792.4,4392.6,1.019
792.6,4392.8,1.063
792.8,4393,1.183
793,4393.2,1.251
793.2,4393.4,1.313
793.4,4393.6,1.449
793.6,4393.8,1.492
793.8,4394,1.521
794,4394.2,1.574
794.2,4394.4,1.613
794.4,4394.6,1.733
794.6,4394.8,1.757
794.8,4395,1.762
795,4395.2,1.781
795.2,4395.4,1.81
795.4,4395.6,1.762
795.6,4395.8,1.791
795.8,4396,1.781
796,4396.2,1.748
796.2,4396.4,1.714
796.4,4396.6,1.651
796.6,4396.8,1.593
796.8,4397,1.511
797,4397.2,1.444
797.2,4397.4,1.342
797.4,4397.6,1.241
797.6,4397.8,1.106
797.8,4398,0.966
798,4398.2,0.764
798.2,4398.4,0.527
798.4,4398.6,0.219
798.6,4398.8,0.098
798.8,4399,0.103
799,4399.2,0.103
799.2,4399.4,0.103
799.4,4399.6,0.108
799.6,4399.8,0.103
799.8,4400,0.103
800,4400.2,0.093
800.2,4400.4,0.093
800.4,4400.6,0.074
800.6,4400.8,0.064
800.8,4401,0.05
801,4401.2,0.021
801.2,4401.4,-0.003
801.4,4401.6,-0.032
801.6,4401.8,-0.061
801.8,4402,-0.085
802,4402.2,-0.114
802.2,4402.4,-0.153
802.4,4402.6,-0.182
802.6,4402.8,-0.211
802.8,4403,-0.235
803,4403.2,-0.254
803.2,4403.4,-0.278
803.4,4403.6,-0.346
803.6,4403.8,-0.375
803.8,4404,-0.384
804,4404.2,-0.399
804.2,4404.4,-0.413
804.4,4404.6,-0.442
804.6,4404.8,-0.442
804.8,4405,-0.471
805,4405.2,-0.519
805.2,4405.4,-0.539
805.4,4405.6,-0.573
805.6,4405.8,-0.621
805.8,4406,-0.732
806,4406.2,-0.804
806.2,4406.4,-0.958
806.4,4406.6,-1.098
806.6,4406.8,-1.233
806.8,4407,-1.364
807,4407.2,-1.469
807.2,4407.4,-1.494
807.4,4407.6,-1.518
807.6,4407.8,-1.489
807.8,4408,-1.445
808,4408.2,-1.412
808.2,4408.4,-1.272
808.4,4408.6,-1.185
808.6,4408.8,-1.031
808.8,4409,-1.045
809,4409.2,-1.04
809.2,4409.4,-1.026
809.4,4409.6,-1.031
809.6,4409.8,-1.016
809.8,4410,-1.002
810,4410.2,-0.982
810.2,4410.4,-0.973
810.4,4410.6,-0.963
810.6,4410.8,-0.944
810.8,4411,-0.934
811,4411.2,-0.929
811.2,4411.4,-0.924
811.4,4411.6,-0.919
811.6,4411.8,-0.905
811.8,4412,-0.891
812,4412.2,-0.895
812.2,4412.4,-0.881
812.4,4412.6,-0.867
812.6,4412.8,-0.852
812.8,4413,-0.828
813,4413.2,-0.809
813.2,4413.4,-0.789
813.4,4413.6,-0.77
813.6,4413.8,-0.732
813.8,4414,-0.693
814,4414.2,-0.654
814.2,4414.4,-0.597
814.4,4414.6,-0.539
814.6,4414.8,-0.476
814.8,4415,-0.394
815,4415.2,-0.322
815.2,4415.4,-0.278
815.4,4415.6,-0.157
815.6,4415.8,-0.037
815.8,4416,0.04
816,4416.2,0.161
816.2,4416.4,0.305
816.4,4416.6,0.445
816.6,4416.8,0.493
816.8,4417,0.527
817,4417.2,0.561
817.2,4417.4,0.59
817.4,4417.6,0.609
817.6,4417.8,0.648
817.8,4418,0.682
818,4418.2,0.759
818.2,4418.4,0.826
818.4,4418.6,0.889
818.6,4418.8,0.947
818.8,4419,1.029
819,4419.2,1.092
819.2,4419.4,1.193
819.4,4419.6,1.275
819.6,4419.8,1.347
819.8,4420,1.415
820,4420.2,1.559
820.2,4420.4,1.613
820.4,4420.6,1.656
820.6,4420.8,1.714
820.8,4421,1.733
821,4421.2,1.762
821.2,4421.4,1.776
821.4,4421.6,1.815
821.6,4421.8,1.714
821.8,4422,1.767
822,4422.2,1.728
822.2,4422.4,1.675
822.4,4422.6,1.617
822.6,4422.8,1.55
822.8,4423,1.463
823,4423.2,1.367
823.2,4423.4,1.265
823.4,4423.6,1.14
823.6,4423.8,0.995
823.8,4424,0.793
824,4424.2,0.542
824.2,4424.4,0.223
824.4,4424.6,0.093
824.6,4424.8,0.093
824.8,4425,0.098
825,4425.2,0.093
825.2,4425.4,0.098
825.4,4425.6,0.093
825.6,4425.8,0.084
825.8,4426,0.074
826,4426.2,0.064
826.2,4426.4,0.06
826.4,4426.6,0.045
826.6,4426.8,0.021
826.8,4427,-0.003
827,4427.2,-0.032
827.2,4427.4,-0.061
827.4,4427.6,-0.09
827.6,4427.8,-0.119
827.8,4428,-0.148
828,4428.2,-0.177
828.2,4428.4,-0.206
828.4,4428.6,-0.206
828.6,4428.8,-0.249
828.8,4429,-0.273
829,4429.2,-0.302
829.2,4429.4,-0.36
829.4,4429.6,-0.384
829.6,4429.8,-0.399
829.8,4430,-0.432
830,4430.2,-0.447
830.2,4430.4,-0.447
830.4,4430.6,-0.481
830.6,4430.8,-0.481
830.8,4431,-0.529
831,4431.2,-0.558
831.2,4431.4,-0.577
831.4,4431.6,-0.649
831.6,4431.8,-0.698
831.8,4432,-0.809
832,4432.2,-0.91
832.2,4432.4,-1.093
832.4,4432.6,-1.185
832.6,4432.8,-1.349
832.8,4433,-1.469
833,4433.2,-1.518
833.2,4433.4,-1.518
833.4,4433.6,-1.503
833.6,4433.8,-1.523
833.8,4434,-1.373
834,4434.2,-1.325
834.2,4434.4,-1.228
834.4,4434.6,-1.084
834.6,4434.8,-1.021
834.8,4435,-1.021
835,4435.2,-1.021
835.2,4435.4,-1.006
835.4,4435.6,-1.002
835.6,4435.8,-0.987
835.8,4436,-0.982
836,4436.2,-0.977
836.2,4436.4,-0.963
836.4,4436.6,-0.963
836.6,4436.8,-0.939
836.8,4437,-0.929
837,4437.2,-0.929
837.2,4437.4,-0.924
837.4,4437.6,-0.919
837.6,4437.8,-0.924
837.8,4438,-0.915
838,4438.2,-0.905
838.2,4438.4,-0.905
838.4,4438.6,-0.9
838.6,4438.8,-0.886
838.8,4439,-0.871
839,4439.2,-0.862
839.2,4439.4,-0.765
839.4,4439.6,-0.746
839.6,4439.8,-0.732
839.8,4440,-0.717
840,4440.2,-0.693
840.2,4440.4,-0.645
840.4,4440.6,-0.601
840.6,4440.8,-0.544
840.8,4441,-0.49
841,4441.2,-0.423
841.2,4441.4,-0.351
841.4,4441.6,-0.288
841.6,4441.8,-0.191
841.8,4442,-0.104
842,4442.2,-0.003
842.2,4442.4,0.093
842.4,4442.6,0.204
842.6,4442.8,0.33
842.8,4443,0.455
843,4443.2,0.503
843.2,4443.4,0.522
843.4,4443.6,0.537
843.6,4443.8,0.58
843.8,4444,0.629
844,4444.2,0.653
844.2,4444.4,0.682
844.4,4444.6,0.754
844.6,4444.8,0.812
844.8,4445,0.87
845,4445.2,0.952
845.2,4445.4,1.005
845.4,4445.6,1.072
845.6,4445.8,1.125
845.8,4446,1.231
846,4446.2,1.304
846.2,4446.4,1.415
846.4,4446.6,1.526
846.6,4446.8,1.584
846.8,4447,1.613
847,4447.2,1.656
847.2,4447.4,1.709
847.4,4447.6,1.714
847.6,4447.8,1.738
847.8,4448,1.757
848,4448.2,1.767
848.2,4448.4,1.719
848.4,4448.6,1.748
848.6,4448.8,1.709
848.8,4449,1.675
849,4449.2,1.608
849.2,4449.4,1.545
849.4,4449.6,1.477
849.6,4449.8,1.405
849.8,4450,1.309
850,4450.2,1.203
850.2,4450.4,1.072
850.4,4450.6,0.923
850.6,4450.8,0.735
850.8,4451,0.484
851,4451.2,0.151
851.2,4451.4,0.074
851.4,4451.6,0.074
851.6,4451.8,0.079
851.8,4452,0.079
852,4452.2,0.074
852.2,4452.4,0.074
852.4,4452.6,0.074
852.6,4452.8,0.064
